rank,stationName,operator,modeFamily,passengersPerDay,proposedNodeLevel,sourcePrimaryStationCode,proposedTransportNodeId
1,渋谷,東急電鉄,private_rail,1770430,T0,003926,transport-node:7074cd95-698a-5143-8345-045066236c08
2,新宿,東日本旅客鉄道,conventional_rail,1333618,T0,003693,transport-node:89b07d95-ed68-5092-a531-07e2df74b03a
3,池袋,東日本旅客鉄道,conventional_rail,998256,T0,003390,transport-node:e68658f5-4e44-5930-adde-4cf758ba7f0c
4,東京,東日本旅客鉄道,conventional_rail,869128,T0,003770,transport-node:f5e5010a-739c-5c0c-bfd6-3449c94b23db
5,大阪,西日本旅客鉄道,conventional_rail,751006,T0,007068,transport-node:2ef60e02-6df3-5535-a8a9-8901626a9ee8
6,横浜,東日本旅客鉄道,conventional_rail,746020,T0,004634,transport-node:55b953b1-ed09-50c0-a500-4a1e77e2d01e
7,新宿,京王電鉄,private_rail,728874,T0,003700,transport-node:1e7633cc-c81b-523e-bb06-e3080f15aaf5
8,北千住,東武鉄道,private_rail,688265,T0,003258,transport-node:390570ba-7dc1-5585-ad2e-98d2d52203c8
9,渋谷,東日本旅客鉄道,conventional_rail,648828,T0,003932,transport-node:af5ceb52-306d-558a-8eb8-3e1a9a351952
10,品川,東日本旅客鉄道,conventional_rail,575878,T0,004097,transport-node:95fe3463-50f3-543c-975f-9b81c5ef9522
11,池袋,東京地下鉄,metro,518135,T0,003389,transport-node:4ca02af6-f068-57dd-ae7a-24f409143d60
12,横浜,東急電鉄,private_rail,514860,T0,004628,transport-node:6ade422d-15dd-51d8-9573-ed3a7ea8f787
13,大宮,東日本旅客鉄道,conventional_rail,508440,T0,002912,transport-node:44af7ff3-0250-5814-8203-ab282ae6ac6d
14,新橋,東日本旅客鉄道,conventional_rail,463256,T0,003872,transport-node:e26b0d4e-0899-5a05-aa89-a06ec37056ba
15,大阪梅田,阪急電鉄,private_rail,451568,T0,007049,transport-node:fad63bab-da5f-5325-b971-54089055836a
16,新宿,小田急電鉄,private_rail,450952,T0,003683,transport-node:e67331c3-59dc-5280-af05-62420f46372d
17,秋葉原,東日本旅客鉄道,conventional_rail,442842,T0,003626,transport-node:a15ebbd6-4f5e-5d9a-a657-6f9fe9157d81
18,池袋,西武鉄道,private_rail,428121,T0,003418,transport-node:bfffffd3-3663-529d-bea1-1dca16f7ff20
19,梅田,大阪市高速電気軌道,metro,420718,T0,007065,transport-node:437f036e-b8cf-5e8e-a68c-a67fc7b9a7cf
20,池袋,東武鉄道,private_rail,419499,T0,003381,transport-node:5665115e-6726-59df-9b08-f2ca202435c6
21,名古屋,東海旅客鉄道,conventional_rail,416867,T0,005448,transport-node:b1098fbf-9cee-52bd-a880-7052f6131fbb
22,中野,東日本旅客鉄道,conventional_rail,406312,T0,003568,transport-node:b0285fe5-f3dd-5cde-9703-34bc7696977d
23,北千住,東日本旅客鉄道,conventional_rail,397464,T0,003267,transport-node:02e3a8fa-065e-5604-b60a-572ff7a74018
24,川崎,東日本旅客鉄道,conventional_rail,388782,T0,004433,transport-node:ff0ff442-2faa-5485-936f-1e348b925594
25,綾瀬,東京地下鉄,metro,384554,T0,003214,transport-node:be9a5bb1-746e-5284-b1fd-bd9932f964ce
26,西船橋,東京地下鉄,metro,383395,T0,003551,transport-node:875b13b3-3e7f-5e29-a44d-bb350d51f2b1
27,中目黒,東急電鉄,private_rail,381738,T0,004015,transport-node:8228763b-2f54-5f87-bfa8-4b8b051c3475
28,目黒,東急電鉄,private_rail,379056,T0,004074,transport-node:50907f30-6e7c-58e1-924d-bce04a919bdc
29,名古屋,名古屋市,metro,369436,T0,005444,transport-node:af99a908-c905-58d1-a529-9028b4d0a10d
30,高田馬場,東日本旅客鉄道,conventional_rail,359332,T0,003508,transport-node:7424bc97-60b2-5c5c-81b8-011851f52840
31,難波,大阪市高速電気軌道,metro,346418,T0,007322,transport-node:e41c8208-1590-5ffa-b581-b575412c39dd
32,京都,西日本旅客鉄道,conventional_rail,344080,T0,006077,transport-node:966ea408-4a7f-5295-b2a9-5b5f523971b0
33,和光市,東武鉄道,private_rail,343898,T0,003124,transport-node:bd01bdac-4fe6-58a2-af6b-c31646022b15
34,上野,東日本旅客鉄道,conventional_rail,340084,T0,003504,transport-node:09929bc6-6d53-5549-803b-d457698499fd
35,大手町,東京地下鉄,metro,334541,T0,003717,transport-node:9cf00795-9ac1-50c2-8f70-ab4feb875e14
36,小竹向原,東京地下鉄,metro,317839,T0,003295,transport-node:4e298810-7cd9-5fce-936e-7e17f4b7f89b
37,横浜,相模鉄道,private_rail,314229,T0,004633,transport-node:763251e7-de92-56cc-b55b-3c2495650766
38,立川,東日本旅客鉄道,conventional_rail,308182,T0,003634,transport-node:e367976f-6c38-5e3a-8677-1f89135471bd
39,横浜,京浜急行電鉄,private_rail,297707,T0,004631,transport-node:bf678dbf-47c0-5c45-9bfc-ec780217121b
40,大崎,東日本旅客鉄道,conventional_rail,290388,T0,004135,transport-node:9c7a262f-1953-51f4-a9de-8efb9ff85ab7
41,渋谷,京王電鉄,private_rail,286940,T0,003930,transport-node:80018604-f17b-5d35-a8aa-1a4cdac8f807
42,名鉄名古屋,名古屋鉄道,private_rail,278919,T0,005457,transport-node:ba298600-c64a-54e2-a4d1-19d533279f8b
43,高田馬場,西武鉄道,private_rail,274114,T0,003510,transport-node:f3b163a7-794a-5b73-8c04-057ba511adc9
44,代々木上原,小田急電鉄,private_rail,269075,T0,003848,transport-node:40d23c82-c395-5bb0-9e65-7ffb9db5867e
45,浜松町,東日本旅客鉄道,conventional_rail,267804,T0,003949,transport-node:d28ca941-f596-5102-b904-00db813ac340
46,天王寺,西日本旅客鉄道,conventional_rail,267658,T0,007445,transport-node:93a2ea5b-722d-5fd4-8985-1158da78962a
47,西船橋,東日本旅客鉄道,conventional_rail,259808,T0,003547,transport-node:5c5eeed3-074f-570d-aa03-f52a7665066f
48,船橋,東日本旅客鉄道,conventional_rail,258854,T0,003593,transport-node:14dd7856-90b2-5739-9cb9-81ab872da3d0
49,町田,小田急電鉄,private_rail,258628,T0,004387,transport-node:993b1d33-2965-56bd-afa4-c045827a9a61
50,吉祥寺,東日本旅客鉄道,conventional_rail,256492,T0,003584,transport-node:720db2fb-ba26-5cd6-b747-f6d3e0a8327f
