"legacy_code_NOT_approved","v38_name","v38_source_id","v371_name","v371_source_id","cause","recommended_candidate_version_NOT_allocation","status"
"64426","長命寺","200000057800","鉾ノ木貝塚","230000107100","EXPLICIT_CROSS_VERSION_SOURCE_COLLISION_REPLACEMENT","v3.7.1","OWNER_GOVERNANCE_REQUIRED"
"64427","八幡神社","210000204200","上ノ山貝塚","230000107200","EXPLICIT_CROSS_VERSION_SOURCE_COLLISION_REPLACEMENT","v3.7.1","OWNER_GOVERNANCE_REQUIRED"
"64455","子檀嶺神社","200000075100","成海神社","230000107300","EXPLICIT_CROSS_VERSION_SOURCE_COLLISION_REPLACEMENT","v3.7.1","OWNER_GOVERNANCE_REQUIRED"
"64456","長蔵寺","210000251900","鳴海城跡","230000107400","EXPLICIT_CROSS_VERSION_SOURCE_COLLISION_REPLACEMENT","v3.7.1","OWNER_GOVERNANCE_REQUIRED"
"64485","八幡神社","210000276700","鳴海廃寺","230000107500","EXPLICIT_CROSS_VERSION_SOURCE_COLLISION_REPLACEMENT","v3.7.1","OWNER_GOVERNANCE_REQUIRED"
"64514","浄光寺","210000306100","善照寺砦跡","230000107600","EXPLICIT_CROSS_VERSION_SOURCE_COLLISION_REPLACEMENT","v3.7.1","OWNER_GOVERNANCE_REQUIRED"
"64543","八幡神社","210000328900","丹下砦跡","230000107700","EXPLICIT_CROSS_VERSION_SOURCE_COLLISION_REPLACEMENT","v3.7.1","OWNER_GOVERNANCE_REQUIRED"
"64572","洞雲寺","210000390400","中島砦跡","230000107800","EXPLICIT_CROSS_VERSION_SOURCE_COLLISION_REPLACEMENT","v3.7.1","OWNER_GOVERNANCE_REQUIRED"
"64601","安養寺","200000155400","教授寺","230000057900","CAPACITY_FALLBACK_DIFFERENT_SOURCE_POOL","v3.7.1","OWNER_GOVERNANCE_REQUIRED"
"64630","敬満神社","220000237000","白山神社","230000058700","CAPACITY_FALLBACK_DIFFERENT_SOURCE_POOL","v3.7.1","OWNER_GOVERNANCE_REQUIRED"
"64659","教授寺","230000057900","中島新四郎宅跡","230000061000","CAPACITY_FALLBACK_DIFFERENT_SOURCE_POOL","v3.7.1","OWNER_GOVERNANCE_REQUIRED"
"64688","東庄内Ａ遺跡跡","240000107400","伊藤次郎左衛門宅跡","230000061100","CAPACITY_FALLBACK_DIFFERENT_SOURCE_POOL","v3.7.1","OWNER_GOVERNANCE_REQUIRED"
"64717","北太田遺跡","250000103500","東両替所跡","230000061300","CAPACITY_FALLBACK_DIFFERENT_SOURCE_POOL","v3.7.1","OWNER_GOVERNANCE_REQUIRED"
"64746","神明神社","260000075200","西両替所跡","230000061400","CAPACITY_FALLBACK_DIFFERENT_SOURCE_POOL","v3.7.1","OWNER_GOVERNANCE_REQUIRED"
"64775","智積院","270000093100","蘇森子桂宅跡","230000061600","CAPACITY_FALLBACK_DIFFERENT_SOURCE_POOL","v3.7.1","OWNER_GOVERNANCE_REQUIRED"
"64804","宮之前遺跡","280000085600","天神社","230000062600","CAPACITY_FALLBACK_DIFFERENT_SOURCE_POOL","v3.7.1","OWNER_GOVERNANCE_REQUIRED"
"64833","素盞嗚神社","290000105000","霊岳院跡","230000062700","CAPACITY_FALLBACK_DIFFERENT_SOURCE_POOL","v3.7.1","OWNER_GOVERNANCE_REQUIRED"
"64862","布施城跡","300000061200","聞安寺","230000063100","CAPACITY_FALLBACK_DIFFERENT_SOURCE_POOL","v3.7.1","OWNER_GOVERNANCE_REQUIRED"
"64891","丹生都比売神社","310000045200","大野屋惣八店跡","230000063500","CAPACITY_FALLBACK_DIFFERENT_SOURCE_POOL","v3.7.1","OWNER_GOVERNANCE_REQUIRED"
"64920","寺内廃寺","320000109000","伊藤玄沢施薬所跡","230000064000","CAPACITY_FALLBACK_DIFFERENT_SOURCE_POOL","v3.7.1","OWNER_GOVERNANCE_REQUIRED"
"64949","造山古墳群","330000085900","聖徳寺","230000064400","CAPACITY_FALLBACK_DIFFERENT_SOURCE_POOL","v3.7.1","OWNER_GOVERNANCE_REQUIRED"
"64978","社八社","340000111300","朝日神社","230000064700","CAPACITY_FALLBACK_DIFFERENT_SOURCE_POOL","v3.7.1","OWNER_GOVERNANCE_REQUIRED"
"65007","井上高重屋敷跡","350000062000","小袖塚跡","230000065600","CAPACITY_FALLBACK_DIFFERENT_SOURCE_POOL","v3.7.1","OWNER_GOVERNANCE_REQUIRED"
"65036","天王遺跡","360000062500","遠見櫓跡","230000065900","CAPACITY_FALLBACK_DIFFERENT_SOURCE_POOL","v3.7.1","OWNER_GOVERNANCE_REQUIRED"
"65065","新田神社","370000070900","伝馬問屋跡","230000066000","CAPACITY_FALLBACK_DIFFERENT_SOURCE_POOL","v3.7.1","OWNER_GOVERNANCE_REQUIRED"
"65094","称念寺","380000068600","飛脚問屋跡","230000066100","CAPACITY_FALLBACK_DIFFERENT_SOURCE_POOL","v3.7.1","OWNER_GOVERNANCE_REQUIRED"
"65123","周敷神社","390000058400","札の辻跡","230000066200","CAPACITY_FALLBACK_DIFFERENT_SOURCE_POOL","v3.7.1","OWNER_GOVERNANCE_REQUIRED"
"65152","堰留神社","400000057500","芭蕉宅跡","230000066500","CAPACITY_FALLBACK_DIFFERENT_SOURCE_POOL","v3.7.1","OWNER_GOVERNANCE_REQUIRED"
"65181","高鳥居城跡","410000131500","医学館跡","230000066800","CAPACITY_FALLBACK_DIFFERENT_SOURCE_POOL","v3.7.1","OWNER_GOVERNANCE_REQUIRED"
"65210","巨勢神社","420000081100","牢屋敷跡","230000067100","CAPACITY_FALLBACK_DIFFERENT_SOURCE_POOL","v3.7.1","OWNER_GOVERNANCE_REQUIRED"
"65239","今富城跡","430000081100","長円寺","230000067200","CAPACITY_FALLBACK_DIFFERENT_SOURCE_POOL","v3.7.1","OWNER_GOVERNANCE_REQUIRED"
"65268","竹迫日吉神社","440000086900","若宮八幡社","230000067700","CAPACITY_FALLBACK_DIFFERENT_SOURCE_POOL","v3.7.1","OWNER_GOVERNANCE_REQUIRED"
"65297","狐塚古墳","450000115300","守綱寺","230000068000","CAPACITY_FALLBACK_DIFFERENT_SOURCE_POOL","v3.7.1","OWNER_GOVERNANCE_REQUIRED"
"65326","巨田神社","460000081000","三ッ蔵跡","230000068400","CAPACITY_FALLBACK_DIFFERENT_SOURCE_POOL","v3.7.1","OWNER_GOVERNANCE_REQUIRED"
"65355","別府原地下式板石積石室墓群","470000109100","大須二子山古墳","230000070000","CAPACITY_FALLBACK_DIFFERENT_SOURCE_POOL","v3.7.1","OWNER_GOVERNANCE_REQUIRED"
"65384","伊波後原遺跡","480000090500","阿弥陀寺","230000070100","CAPACITY_FALLBACK_DIFFERENT_SOURCE_POOL","v3.7.1","OWNER_GOVERNANCE_REQUIRED"
"65413","北原遺跡","200000155500","大光院","230000070200","CAPACITY_FALLBACK_DIFFERENT_SOURCE_POOL","v3.7.1","OWNER_GOVERNANCE_REQUIRED"
"65442","谷口古墳群","220000237100","清寿院跡","230000070300","CAPACITY_FALLBACK_DIFFERENT_SOURCE_POOL","v3.7.1","OWNER_GOVERNANCE_REQUIRED"
"65471","白山神社","230000058700","宝生院","230000070400","CAPACITY_FALLBACK_DIFFERENT_SOURCE_POOL","v3.7.1","OWNER_GOVERNANCE_REQUIRED"
"65500","東庄内Ｂ遺跡","240000107500","七寺","230000070500","CAPACITY_FALLBACK_DIFFERENT_SOURCE_POOL","v3.7.1","OWNER_GOVERNANCE_REQUIRED"
"65529","南溝畑遺跡","250000103700","総見寺","230000070600","CAPACITY_FALLBACK_DIFFERENT_SOURCE_POOL","v3.7.1","OWNER_GOVERNANCE_REQUIRED"
"65558","槇島城跡","260000075700","本願寺名古屋別院","230000070700","CAPACITY_FALLBACK_DIFFERENT_SOURCE_POOL","v3.7.1","OWNER_GOVERNANCE_REQUIRED"
"65587","三島神社","270000093800","万松寺","230000071000","CAPACITY_FALLBACK_DIFFERENT_SOURCE_POOL","v3.7.1","OWNER_GOVERNANCE_REQUIRED"
"65616","高代寺","280000087300","大木戸跡","230000071500","CAPACITY_FALLBACK_DIFFERENT_SOURCE_POOL","v3.7.1","OWNER_GOVERNANCE_REQUIRED"
"65645","小戸神社","290000107900","栄国寺","230000071700","CAPACITY_FALLBACK_DIFFERENT_SOURCE_POOL","v3.7.1","OWNER_GOVERNANCE_REQUIRED"
"65674","寺口忍海古墳群","300000061300","真宗大谷派名古屋別院","230000071900","CAPACITY_FALLBACK_DIFFERENT_SOURCE_POOL","v3.7.1","OWNER_GOVERNANCE_REQUIRED"
"65703","下花園神社","310000046900","日置神社","230000073000","CAPACITY_FALLBACK_DIFFERENT_SOURCE_POOL","v3.7.1","OWNER_GOVERNANCE_REQUIRED"
"65732","鷲峯神社","320000109800","元興寺跡","230000073900","CAPACITY_FALLBACK_DIFFERENT_SOURCE_POOL","v3.7.1","OWNER_GOVERNANCE_REQUIRED"
"65761","仲仙寺墳墓群","330000086300","八幡社","230000074000","CAPACITY_FALLBACK_DIFFERENT_SOURCE_POOL","v3.7.1","OWNER_GOVERNANCE_REQUIRED"
"65790","久見神社","340000111500","三輪神社","230000074200","CAPACITY_FALLBACK_DIFFERENT_SOURCE_POOL","v3.7.1","OWNER_GOVERNANCE_REQUIRED"
"65819","岩屋寺","350000062100","東泉院","230000074300","CAPACITY_FALLBACK_DIFFERENT_SOURCE_POOL","v3.7.1","OWNER_GOVERNANCE_REQUIRED"
"65848","岡山遺跡","360000062600","万年寺","230000074400","CAPACITY_FALLBACK_DIFFERENT_SOURCE_POOL","v3.7.1","OWNER_GOVERNANCE_REQUIRED"
"65877","加茂谷川岩陰遺跡群","370000071000","八幡山古墳","230000074800","CAPACITY_FALLBACK_DIFFERENT_SOURCE_POOL","v3.7.1","OWNER_GOVERNANCE_REQUIRED"
"65906","合子神社","380000068800","御器所八幡宮","230000074900","CAPACITY_FALLBACK_DIFFERENT_SOURCE_POOL","v3.7.1","OWNER_GOVERNANCE_REQUIRED"
"65935","多治比之連真国館跡","390000058500","竜興寺","230000075000","CAPACITY_FALLBACK_DIFFERENT_SOURCE_POOL","v3.7.1","OWNER_GOVERNANCE_REQUIRED"
"65964","高竜寺","400000058100","神宮寺","230000075100","CAPACITY_FALLBACK_DIFFERENT_SOURCE_POOL","v3.7.1","OWNER_GOVERNANCE_REQUIRED"
"65993","南蔵院","410000131800","御器所城跡","230000075200","CAPACITY_FALLBACK_DIFFERENT_SOURCE_POOL","v3.7.1","OWNER_GOVERNANCE_REQUIRED"
"66022","竜津寺跡","420000081700","川原神社","230000075500","CAPACITY_FALLBACK_DIFFERENT_SOURCE_POOL","v3.7.1","OWNER_GOVERNANCE_REQUIRED"
"66051","好武城跡","430000081300","太平寺","230000075600","CAPACITY_FALLBACK_DIFFERENT_SOURCE_POOL","v3.7.1","OWNER_GOVERNANCE_REQUIRED"
"66080","竹迫城跡","440000087600","伊勝八幡宮","230000075800","CAPACITY_FALLBACK_DIFFERENT_SOURCE_POOL","v3.7.1","OWNER_GOVERNANCE_REQUIRED"
"66109","羽田遺跡","450000115600","善昌寺","230000076000","CAPACITY_FALLBACK_DIFFERENT_SOURCE_POOL","v3.7.1","OWNER_GOVERNANCE_REQUIRED"
"66138","上田島横穴墓群","460000081100","八事廃堂","230000076300","CAPACITY_FALLBACK_DIFFERENT_SOURCE_POOL","v3.7.1","OWNER_GOVERNANCE_REQUIRED"
"66167","虎居城跡","470000110300","興正寺","230000076400","CAPACITY_FALLBACK_DIFFERENT_SOURCE_POOL","v3.7.1","OWNER_GOVERNANCE_REQUIRED"
"66196","伊波貝塚","480000090600","普蔵寺","230000076500","CAPACITY_FALLBACK_DIFFERENT_SOURCE_POOL","v3.7.1","OWNER_GOVERNANCE_REQUIRED"
"66225","市田陣屋跡","200000155800","浜神明社","230000077000","CAPACITY_FALLBACK_DIFFERENT_SOURCE_POOL","v3.7.1","OWNER_GOVERNANCE_REQUIRED"
"66254","東鎌塚原遺跡","220000237800","瑞穂遺跡","230000077300","CAPACITY_FALLBACK_DIFFERENT_SOURCE_POOL","v3.7.1","OWNER_GOVERNANCE_REQUIRED"
"66283","中島新四郎宅跡","230000061000","津賀田神社","230000077400","CAPACITY_FALLBACK_DIFFERENT_SOURCE_POOL","v3.7.1","OWNER_GOVERNANCE_REQUIRED"
"66312","四辻古墳群","240000107600","おつくり山古墳","230000077600","CAPACITY_FALLBACK_DIFFERENT_SOURCE_POOL","v3.7.1","OWNER_GOVERNANCE_REQUIRED"
"66341","観音寺","250000103900","師長屋敷跡","230000077800","CAPACITY_FALLBACK_DIFFERENT_SOURCE_POOL","v3.7.1","OWNER_GOVERNANCE_REQUIRED"
"66370","山崎橋跡","260000077600","大喜城跡","230000078000","CAPACITY_FALLBACK_DIFFERENT_SOURCE_POOL","v3.7.1","OWNER_GOVERNANCE_REQUIRED"
"66399","正林寺","270000093900","田光池跡","230000078100","CAPACITY_FALLBACK_DIFFERENT_SOURCE_POOL","v3.7.1","OWNER_GOVERNANCE_REQUIRED"
"66428","朝川寺","280000087700","大曲輪貝塚","230000078700","CAPACITY_FALLBACK_DIFFERENT_SOURCE_POOL","v3.7.1","OWNER_GOVERNANCE_REQUIRED"
"66457","栄根遺跡","290000108400","中根銅鐸出土地","230000078800","CAPACITY_FALLBACK_DIFFERENT_SOURCE_POOL","v3.7.1","OWNER_GOVERNANCE_REQUIRED"
"66486","慶雲寺","300000061600","中根城跡","230000078900","CAPACITY_FALLBACK_DIFFERENT_SOURCE_POOL","v3.7.1","OWNER_GOVERNANCE_REQUIRED"
"66515","遍照寺","310000047000","熱田神宮","230000079400","CAPACITY_FALLBACK_DIFFERENT_SOURCE_POOL","v3.7.1","OWNER_GOVERNANCE_REQUIRED"
"66544","相屋神社","320000110300","熱田大宮司宅跡","230000080500","CAPACITY_FALLBACK_DIFFERENT_SOURCE_POOL","v3.7.1","OWNER_GOVERNANCE_REQUIRED"
"66573","宮山墳墓群","330000086400","円通寺","230000081000","CAPACITY_FALLBACK_DIFFERENT_SOURCE_POOL","v3.7.1","OWNER_GOVERNANCE_REQUIRED"
"66602","土居八幡宮","340000112100","蔵福寺","230000081200","CAPACITY_FALLBACK_DIFFERENT_SOURCE_POOL","v3.7.1","OWNER_GOVERNANCE_REQUIRED"
"66631","和知八幡神社","350000062500","海国寺","230000081400","CAPACITY_FALLBACK_DIFFERENT_SOURCE_POOL","v3.7.1","OWNER_GOVERNANCE_REQUIRED"
"66660","熊毛神社","360000063000","正覚寺","230000081600","CAPACITY_FALLBACK_DIFFERENT_SOURCE_POOL","v3.7.1","OWNER_GOVERNANCE_REQUIRED"
"66689","丹田古墳","370000071100","裁断橋跡","230000081700","CAPACITY_FALLBACK_DIFFERENT_SOURCE_POOL","v3.7.1","OWNER_GOVERNANCE_REQUIRED"
"66718","光専寺山遺跡","380000068900","姥堂","230000081800","CAPACITY_FALLBACK_DIFFERENT_SOURCE_POOL","v3.7.1","OWNER_GOVERNANCE_REQUIRED"
"66747","徳蔵寺","390000058900","御朱印改役所跡","230000081900","CAPACITY_FALLBACK_DIFFERENT_SOURCE_POOL","v3.7.1","OWNER_GOVERNANCE_REQUIRED"
"66776","八王子宮","400000058200","宮宿白本陣跡","230000082000","CAPACITY_FALLBACK_DIFFERENT_SOURCE_POOL","v3.7.1","OWNER_GOVERNANCE_REQUIRED"
"66805","江辻遺跡","410000133500","加藤図書助宅跡","230000082300","CAPACITY_FALLBACK_DIFFERENT_SOURCE_POOL","v3.7.1","OWNER_GOVERNANCE_REQUIRED"
"66834","経島寺","420000081900","東浜御殿跡","230000082600","CAPACITY_FALLBACK_DIFFERENT_SOURCE_POOL","v3.7.1","OWNER_GOVERNANCE_REQUIRED"
"66863","妙宣寺","430000081400","西浜御殿跡","230000083000","CAPACITY_FALLBACK_DIFFERENT_SOURCE_POOL","v3.7.1","OWNER_GOVERNANCE_REQUIRED"
"66892","御手洗遺跡","440000087900","熱田奉行役所跡","230000083100","CAPACITY_FALLBACK_DIFFERENT_SOURCE_POOL","v3.7.1","OWNER_GOVERNANCE_REQUIRED"
"66921","岩戸寺","450000116100","熱田船奉行所跡","230000083200","CAPACITY_FALLBACK_DIFFERENT_SOURCE_POOL","v3.7.1","OWNER_GOVERNANCE_REQUIRED"
"66950","久峯観音堂","460000081700","宮宿赤本陣跡","230000083300","CAPACITY_FALLBACK_DIFFERENT_SOURCE_POOL","v3.7.1","OWNER_GOVERNANCE_REQUIRED"
"66979","信教寺","470000110400","円福寺","230000083400","CAPACITY_FALLBACK_DIFFERENT_SOURCE_POOL","v3.7.1","OWNER_GOVERNANCE_REQUIRED"
"67008","古我地原貝塚","480000090700","景清社","230000083500","CAPACITY_FALLBACK_DIFFERENT_SOURCE_POOL","v3.7.1","OWNER_GOVERNANCE_REQUIRED"
"67037","月夜平遺跡","200000156100","聖徳寺","230000084000","CAPACITY_FALLBACK_DIFFERENT_SOURCE_POOL","v3.7.1","OWNER_GOVERNANCE_REQUIRED"
"67066","白羽神社","220000256100","湊常夜灯跡","230000084100","CAPACITY_FALLBACK_DIFFERENT_SOURCE_POOL","v3.7.1","OWNER_GOVERNANCE_REQUIRED"
"67095","伊藤次郎左衛門宅跡","230000061100","熱田魚市場跡","230000084600","CAPACITY_FALLBACK_DIFFERENT_SOURCE_POOL","v3.7.1","OWNER_GOVERNANCE_REQUIRED"
"67124","金光寺","240000107700","白鳥古墳","230000085300","CAPACITY_FALLBACK_DIFFERENT_SOURCE_POOL","v3.7.1","OWNER_GOVERNANCE_REQUIRED"
"67153","花摘寺跡","250000104500","法持寺","230000085400","CAPACITY_FALLBACK_DIFFERENT_SOURCE_POOL","v3.7.1","OWNER_GOVERNANCE_REQUIRED"
"67182","河陽離宮跡","260000077800","滝之寺","230000085500","CAPACITY_FALLBACK_DIFFERENT_SOURCE_POOL","v3.7.1","OWNER_GOVERNANCE_REQUIRED"
"67211","滝尾神社","270000095500","政所跡","230000085600","CAPACITY_FALLBACK_DIFFERENT_SOURCE_POOL","v3.7.1","OWNER_GOVERNANCE_REQUIRED"
"67240","走落神社","280000087800","白鳥材木役所跡","230000085700","CAPACITY_FALLBACK_DIFFERENT_SOURCE_POOL","v3.7.1","OWNER_GOVERNANCE_REQUIRED"
"67269","栄根寺跡","290000108700","青衾神社","230000085900","CAPACITY_FALLBACK_DIFFERENT_SOURCE_POOL","v3.7.1","OWNER_GOVERNANCE_REQUIRED"
"67298","金村神社","300000061700","地蔵院","230000086000","CAPACITY_FALLBACK_DIFFERENT_SOURCE_POOL","v3.7.1","OWNER_GOVERNANCE_REQUIRED"
"67327","新子観音堂跡","310000047700","本遠寺","230000086200","CAPACITY_FALLBACK_DIFFERENT_SOURCE_POOL","v3.7.1","OWNER_GOVERNANCE_REQUIRED"
"67356","青谷上寺地遺跡","320000110400","岡部又右衛門尉宅跡","230000086400","CAPACITY_FALLBACK_DIFFERENT_SOURCE_POOL","v3.7.1","OWNER_GOVERNANCE_REQUIRED"
"67385","飯梨岩舟古墳","330000086800","熱田文庫跡","230000086500","CAPACITY_FALLBACK_DIFFERENT_SOURCE_POOL","v3.7.1","OWNER_GOVERNANCE_REQUIRED"
"67414","八幡神社","340000113500","誓願寺","230000086700","CAPACITY_FALLBACK_DIFFERENT_SOURCE_POOL","v3.7.1","OWNER_GOVERNANCE_REQUIRED"
"67443","国広山城跡","350000062600","池殿屋敷跡","230000086800","CAPACITY_FALLBACK_DIFFERENT_SOURCE_POOL","v3.7.1","OWNER_GOVERNANCE_REQUIRED"
"67472","熊毛宰判勘場跡","360000064200","青大悲寺","230000086900","CAPACITY_FALLBACK_DIFFERENT_SOURCE_POOL","v3.7.1","OWNER_GOVERNANCE_REQUIRED"
"67501","長善寺","370000071300","加藤隼人佐宅跡","230000087000","CAPACITY_FALLBACK_DIFFERENT_SOURCE_POOL","v3.7.1","OWNER_GOVERNANCE_REQUIRED"
"67530","神内城跡","380000069300","断夫山古墳","230000087200","CAPACITY_FALLBACK_DIFFERENT_SOURCE_POOL","v3.7.1","OWNER_GOVERNANCE_REQUIRED"
"67559","鶴岡八幡神社","390000059200","玉ノ井遺跡","230000087300","CAPACITY_FALLBACK_DIFFERENT_SOURCE_POOL","v3.7.1","OWNER_GOVERNANCE_REQUIRED"
"67588","野中神社","400000058300","白鳥材木場跡","230000087600","CAPACITY_FALLBACK_DIFFERENT_SOURCE_POOL","v3.7.1","OWNER_GOVERNANCE_REQUIRED"
"67617","福岡藩磁器御用窯跡","410000135400","高座結御子神社","230000087700","CAPACITY_FALLBACK_DIFFERENT_SOURCE_POOL","v3.7.1","OWNER_GOVERNANCE_REQUIRED"
"67646","寿徳寺","420000083100","高蔵一号墳","230000087800","CAPACITY_FALLBACK_DIFFERENT_SOURCE_POOL","v3.7.1","OWNER_GOVERNANCE_REQUIRED"
"67675","八幡神社","430000081800","高蔵貝塚","230000087900","CAPACITY_FALLBACK_DIFFERENT_SOURCE_POOL","v3.7.1","OWNER_GOVERNANCE_REQUIRED"
"67704","医音寺跡","440000088100","住吉社","230000088200","CAPACITY_FALLBACK_DIFFERENT_SOURCE_POOL","v3.7.1","OWNER_GOVERNANCE_REQUIRED"
"67733","内田砂丘遺跡","450000118700","妙安寺","230000088300","CAPACITY_FALLBACK_DIFFERENT_SOURCE_POOL","v3.7.1","OWNER_GOVERNANCE_REQUIRED"
"67762","下那珂遺跡","460000081800","金山神社","230000088400","CAPACITY_FALLBACK_DIFFERENT_SOURCE_POOL","v3.7.1","OWNER_GOVERNANCE_REQUIRED"
"67791","宗功寺跡","470000110600","船蔵跡","230000088600","CAPACITY_FALLBACK_DIFFERENT_SOURCE_POOL","v3.7.1","OWNER_GOVERNANCE_REQUIRED"
"67820","北谷グスク","480000092000","願興寺","230000089700","CAPACITY_FALLBACK_DIFFERENT_SOURCE_POOL","v3.7.1","OWNER_GOVERNANCE_REQUIRED"
"67849","瑠璃寺","200000156300","観音寺","230000091100","CAPACITY_FALLBACK_DIFFERENT_SOURCE_POOL","v3.7.1","OWNER_GOVERNANCE_REQUIRED"
"67878","星の糞遺跡","220000256200","荒子城跡","230000091200","CAPACITY_FALLBACK_DIFFERENT_SOURCE_POOL","v3.7.1","OWNER_GOVERNANCE_REQUIRED"
"67907","東両替所跡","230000061300","常楽寺","230000091400","CAPACITY_FALLBACK_DIFFERENT_SOURCE_POOL","v3.7.1","OWNER_GOVERNANCE_REQUIRED"
"67936","吉尾道場跡","240000107800","雨宮神社","230000091500","CAPACITY_FALLBACK_DIFFERENT_SOURCE_POOL","v3.7.1","OWNER_GOVERNANCE_REQUIRED"
"67965","烏丸崎遺跡","250000104600","竜潭寺","230000091700","CAPACITY_FALLBACK_DIFFERENT_SOURCE_POOL","v3.7.1","OWNER_GOVERNANCE_REQUIRED"
"67994","山崎城跡","260000078000","浅間社","230000092500","CAPACITY_FALLBACK_DIFFERENT_SOURCE_POOL","v3.7.1","OWNER_GOVERNANCE_REQUIRED"
"68023","宝樹寺","270000095600","下之一色城跡","230000092600","CAPACITY_FALLBACK_DIFFERENT_SOURCE_POOL","v3.7.1","OWNER_GOVERNANCE_REQUIRED"
"68052","藤森神社跡","280000088000","円盛寺","230000092800","CAPACITY_FALLBACK_DIFFERENT_SOURCE_POOL","v3.7.1","OWNER_GOVERNANCE_REQUIRED"
"68081","鴨神社","290000109000","速念寺","230000092900","CAPACITY_FALLBACK_DIFFERENT_SOURCE_POOL","v3.7.1","OWNER_GOVERNANCE_REQUIRED"
"68110","新庄陣屋跡","300000061900","万場問屋場跡","230000093500","CAPACITY_FALLBACK_DIFFERENT_SOURCE_POOL","v3.7.1","OWNER_GOVERNANCE_REQUIRED"
"68139","上花園神社","310000048000","国玉神社","230000093600","CAPACITY_FALLBACK_DIFFERENT_SOURCE_POOL","v3.7.1","OWNER_GOVERNANCE_REQUIRED"
"68168","阿古山二二号墳","320000110600","光円寺","230000093700","CAPACITY_FALLBACK_DIFFERENT_SOURCE_POOL","v3.7.1","OWNER_GOVERNANCE_REQUIRED"
"68197","鷺ノ湯病院跡横穴墓","330000087200","千音寺一里塚跡","230000094000","CAPACITY_FALLBACK_DIFFERENT_SOURCE_POOL","v3.7.1","OWNER_GOVERNANCE_REQUIRED"
"68226","中和神社","340000114500","長禅寺","230000094100","CAPACITY_FALLBACK_DIFFERENT_SOURCE_POOL","v3.7.1","OWNER_GOVERNANCE_REQUIRED"
"68255","天良山城跡","350000062900","梶常吉宅跡","230000094400","CAPACITY_FALLBACK_DIFFERENT_SOURCE_POOL","v3.7.1","OWNER_GOVERNANCE_REQUIRED"
"68284","賀茂神社","360000064500","西照寺","230000094700","CAPACITY_FALLBACK_DIFFERENT_SOURCE_POOL","v3.7.1","OWNER_GOVERNANCE_REQUIRED"
"68313","八幡神社","370000071400","鬼頭景義宅跡","230000096700","CAPACITY_FALLBACK_DIFFERENT_SOURCE_POOL","v3.7.1","OWNER_GOVERNANCE_REQUIRED"
"68342","葛谷遺跡","380000069400","茶屋灯明場跡","230000096900","CAPACITY_FALLBACK_DIFFERENT_SOURCE_POOL","v3.7.1","OWNER_GOVERNANCE_REQUIRED"
"68371","金性寺","390000059300","粕畑貝塚","230000097900","CAPACITY_FALLBACK_DIFFERENT_SOURCE_POOL","v3.7.1","OWNER_GOVERNANCE_REQUIRED"
"68400","伏原大塚古墳","400000058500","見晴台遺跡","230000098000","CAPACITY_FALLBACK_DIFFERENT_SOURCE_POOL","v3.7.1","OWNER_GOVERNANCE_REQUIRED"
"68429","佐谷観音堂","410000135600","笠覆寺","230000098100","CAPACITY_FALLBACK_DIFFERENT_SOURCE_POOL","v3.7.1","OWNER_GOVERNANCE_REQUIRED"
"68458","西中野天満宮","420000083400","七所神社","230000098200","CAPACITY_FALLBACK_DIFFERENT_SOURCE_POOL","v3.7.1","OWNER_GOVERNANCE_REQUIRED"
"68487","野岳遺跡","430000082100","喚続社","230000098900","CAPACITY_FALLBACK_DIFFERENT_SOURCE_POOL","v3.7.1","OWNER_GOVERNANCE_REQUIRED"
"68516","厳照寺","440000088200","光照寺","230000099000","CAPACITY_FALLBACK_DIFFERENT_SOURCE_POOL","v3.7.1","OWNER_GOVERNANCE_REQUIRED"
"68545","熊尾遺跡","450000118800","常徳寺","230000099100","CAPACITY_FALLBACK_DIFFERENT_SOURCE_POOL","v3.7.1","OWNER_GOVERNANCE_REQUIRED"
"68574","土器田横穴墓群","460000081900","星崎城跡","230000099600","CAPACITY_FALLBACK_DIFFERENT_SOURCE_POOL","v3.7.1","OWNER_GOVERNANCE_REQUIRED"
"68603","八幡神社","470000111500","神明社","230000100000","CAPACITY_FALLBACK_DIFFERENT_SOURCE_POOL","v3.7.1","OWNER_GOVERNANCE_REQUIRED"
"68632","嘉手納貝塚","480000094100","熊野三社","230000101100","CAPACITY_FALLBACK_DIFFERENT_SOURCE_POOL","v3.7.1","OWNER_GOVERNANCE_REQUIRED"
"68661","瑠璃寺前遺跡","200000156400","山崎城跡","230000101200","CAPACITY_FALLBACK_DIFFERENT_SOURCE_POOL","v3.7.1","OWNER_GOVERNANCE_REQUIRED"
"68690","御前崎観音堂","220000256400","富部神社","230000101800","CAPACITY_FALLBACK_DIFFERENT_SOURCE_POOL","v3.7.1","OWNER_GOVERNANCE_REQUIRED"
"68719","西両替所跡","230000061400","長楽寺","230000101900","CAPACITY_FALLBACK_DIFFERENT_SOURCE_POOL","v3.7.1","OWNER_GOVERNANCE_REQUIRED"
"68748","亀山城跡","240000108800","戸部城跡","230000102000","CAPACITY_FALLBACK_DIFFERENT_SOURCE_POOL","v3.7.1","OWNER_GOVERNANCE_REQUIRED"
"68777","善隆寺","250000106400","高牟神社","230000102600","CAPACITY_FALLBACK_DIFFERENT_SOURCE_POOL","v3.7.1","OWNER_GOVERNANCE_REQUIRED"
"68806","酒解神社","260000078100","石山寺","230000102700","CAPACITY_FALLBACK_DIFFERENT_SOURCE_POOL","v3.7.1","OWNER_GOVERNANCE_REQUIRED"
"68835","東福寺","270000096200","川島神社","230000103100","CAPACITY_FALLBACK_DIFFERENT_SOURCE_POOL","v3.7.1","OWNER_GOVERNANCE_REQUIRED"
"68864","野間中古墳群","280000089200","長命寺","230000103200","CAPACITY_FALLBACK_DIFFERENT_SOURCE_POOL","v3.7.1","OWNER_GOVERNANCE_REQUIRED"
"68893","加茂遺跡","290000109100","宝勝寺","230000103400","CAPACITY_FALLBACK_DIFFERENT_SOURCE_POOL","v3.7.1","OWNER_GOVERNANCE_REQUIRED"
"68922","屋敷山古墳","300000062000","守山城跡","230000103500","CAPACITY_FALLBACK_DIFFERENT_SOURCE_POOL","v3.7.1","OWNER_GOVERNANCE_REQUIRED"
"68951","応其寺","310000049300","大永寺","230000103700","CAPACITY_FALLBACK_DIFFERENT_SOURCE_POOL","v3.7.1","OWNER_GOVERNANCE_REQUIRED"
"68980","大口遺跡群","320000111900","牛牧遺跡","230000104000","CAPACITY_FALLBACK_DIFFERENT_SOURCE_POOL","v3.7.1","OWNER_GOVERNANCE_REQUIRED"
"69009","かわらけ谷横穴墓群","330000087300","池下古墳","230000104200","CAPACITY_FALLBACK_DIFFERENT_SOURCE_POOL","v3.7.1","OWNER_GOVERNANCE_REQUIRED"
"69038","福田神社","340000115200","小幡廃寺","230000104300","CAPACITY_FALLBACK_DIFFERENT_SOURCE_POOL","v3.7.1","OWNER_GOVERNANCE_REQUIRED"
"69067","寺町廃寺跡","350000063000","長慶寺","230000104400","CAPACITY_FALLBACK_DIFFERENT_SOURCE_POOL","v3.7.1","OWNER_GOVERNANCE_REQUIRED"
"69096","岡原遺跡","360000064600","小幡城跡","230000104500","CAPACITY_FALLBACK_DIFFERENT_SOURCE_POOL","v3.7.1","OWNER_GOVERNANCE_REQUIRED"
"69125","舞寺","370000071600","大森寺","230000104700","CAPACITY_FALLBACK_DIFFERENT_SOURCE_POOL","v3.7.1","OWNER_GOVERNANCE_REQUIRED"
"69154","大亀古墳群","380000069500","八劔神社","230000104800","CAPACITY_FALLBACK_DIFFERENT_SOURCE_POOL","v3.7.1","OWNER_GOVERNANCE_REQUIRED"
"69183","長福寺","390000059400","法輪寺","230000104900","CAPACITY_FALLBACK_DIFFERENT_SOURCE_POOL","v3.7.1","OWNER_GOVERNANCE_REQUIRED"
"69212","ヒビノキ遺跡","400000058700","松洞古墳群","230000105100","CAPACITY_FALLBACK_DIFFERENT_SOURCE_POOL","v3.7.1","OWNER_GOVERNANCE_REQUIRED"
"69241","七夕池古墳","410000136700","竜泉寺","230000105200","CAPACITY_FALLBACK_DIFFERENT_SOURCE_POOL","v3.7.1","OWNER_GOVERNANCE_REQUIRED"
"69270","掘江神社","420000084000","大塚古墳","230000105700","CAPACITY_FALLBACK_DIFFERENT_SOURCE_POOL","v3.7.1","OWNER_GOVERNANCE_REQUIRED"
"69299","鳥甲城跡","430000082300","白鳥塚古墳","230000105800","CAPACITY_FALLBACK_DIFFERENT_SOURCE_POOL","v3.7.1","OWNER_GOVERNANCE_REQUIRED"
"69328","楠ノ木遺跡","440000089700","勝手社","230000105900","CAPACITY_FALLBACK_DIFFERENT_SOURCE_POOL","v3.7.1","OWNER_GOVERNANCE_REQUIRED"
"69357","行者原古墳群","450000119200","久岑寺","230000106000","CAPACITY_FALLBACK_DIFFERENT_SOURCE_POOL","v3.7.1","OWNER_GOVERNANCE_REQUIRED"
"69386","船野遺跡","460000082100","亀ヶ洞第一号窯","230000106900","CAPACITY_FALLBACK_DIFFERENT_SOURCE_POOL","v3.7.1","OWNER_GOVERNANCE_REQUIRED"
"69415","興全寺跡","470000111900","雷貝塚","230000107000","CAPACITY_FALLBACK_DIFFERENT_SOURCE_POOL","v3.7.1","OWNER_GOVERNANCE_REQUIRED"
