"name_group","decision","quarantined_from_enrichment","candidate_keys","addresses","reason","official_evidence_urls"
"en:千葉県:asaichi","KEEP_SEPARATE_DISTINCT_SOURCE_LOCATIONS","false","candidate:B-20260915-S0298 | candidate:B-20260915-S0310","千葉県いすみ市八幡神社境内 | 千葉県夷隅郡御宿町新町通り","Source identities have different locality/address evidence. Retain separate candidates; this is not current existence or navigation certification.",""
"en:新潟県:","IGNORED_PLACEHOLDER_NAME","false","candidate:B-SNS-20260915-R08-006 | candidate:B-SNS-20260915-R09-215 | candidate:B-SNS-20260915-R09-241 | candidate:B-SNS-20260915-R09-245","新潟県十日町市松之山湯山1252-1 | 新潟県上越市大手町4番12号 | 新潟県五泉市宮町5-46 | 新潟県長岡市西蔵王2-6-19","Punctuation-only English names normalized to empty; no identity relationship.",""
"en:長野県:","IGNORED_PLACEHOLDER_NAME","false","candidate:B-SNS-20260915-R08-009 | candidate:B-SNS-20260915-R08-017 | geoshape-nrct-poi:200000061300 | geoshape-nrct-poi:200000091300 | geoshape-nrct-poi:200000110500","長野県長野市大字長野54 | 長野県下高井郡山ノ内町平穏6845 | 長野県 上田市 真田町長4473番地 / 長野県上田市真田町長 | 長野県 上田市 下之郷701番地 / 長野県上田市下之郷字中池西701 | 長野県 諏訪市 大字上諏訪9556番地 / 長野県諏訪市上諏訪茶臼山9556","Punctuation-only English names normalized to empty; no identity relationship.",""
"ja:三重県:観音寺","HOLD_ADDRESS_COORDINATE_CONTRADICTION","true","geoshape-nrct-poi:240000091400 | geoshape-nrct-poi:240000098200","三重県 尾鷲市 早田町92番地 | 三重県 尾鷲市 早田町92番地","Same retained address is attached to different historical points. Do not merge or silently correct source geography.",""
"ja:京都府:三室戸寺","MERGED_SUPPORTED","false","geoshape-nrct-poi:260000071500","京都府 宇治市 莵道滋賀谷21番地","All baseline members now belong to one explicit evidence-backed candidate group; no Master Code allocated.","https://saikoku33.gr.jp/place/10"
"ja:京都府:六波羅蜜寺","MERGED_SUPPORTED","false","geoshape-nrct-poi:270000073200","京都府 京都市 東山区轆轤町81番地","All baseline members now belong to one explicit evidence-backed candidate group; no Master Code allocated.","https://saikoku33.gr.jp/place/17"
"ja:京都府:円福寺","HOLD_SOURCE_IDENTITY_AMBIGUITY","true","geoshape-nrct-poi:260000053800 | geoshape-nrct-poi:260000060500","京都府 八幡市 八幡福禄谷153番地 | 京都府 八幡市 八幡福禄谷153番地","Different historical provider entries share an estimated coordinate; same name/address/point does not establish an alias.",""
"ja:京都府:南禅寺","MERGED_SUPPORTED","false","geoshape-nrct-poi:270000043500","Nanzenji Fukuchi-cho, Sakyo-ku, Kyoto-shi, Kyoto-fu / 京都府 京都市 左京区南禅寺福地町","All baseline members now belong to one explicit evidence-backed candidate group; no Master Code allocated.",""
"ja:京都府:咋岡神社","KEEP_SEPARATE_DISTINCT_SOURCE_LOCATIONS","false","geoshape-nrct-poi:260000042400 | geoshape-nrct-poi:260000043000","京都府 京田辺市 草内宮ノ後5番地 | 京都府 京田辺市 飯岡東原62番地","Source identities have different locality/address evidence. Retain separate candidates; this is not current existence or navigation certification.",""
"ja:京都府:大智寺","KEEP_SEPARATE_DISTINCT_SOURCE_LOCATIONS","false","geoshape-nrct-poi:260000013400 | geoshape-nrct-poi:260000022100","京都府 相楽郡和束町 大字湯船小字中山101番地 | 京都府 木津川市 木津小字雲村42番地","Source identities have different locality/address evidence. Retain separate candidates; this is not current existence or navigation certification.",""
"ja:京都府:天神社","KEEP_SEPARATE_DISTINCT_SOURCE_LOCATIONS","false","geoshape-nrct-poi:260000035700 | geoshape-nrct-poi:260000039700","京都府 福知山市 字生野3番地 | 京都府 京田辺市 松井向山1番地","Source identities have different locality/address evidence. Retain separate candidates; this is not current existence or navigation certification.",""
"ja:京都府:安養寺","KEEP_SEPARATE_DISTINCT_SOURCE_LOCATIONS","false","geoshape-nrct-poi:260000059400 | geoshape-nrct-poi:260000063500 | geoshape-nrct-poi:270000046000","京都府 久世郡久御山町 東一口112番地 | 京都府 城陽市 平川指月83番地 | 京都府 京都市 左京区粟田口山下町8番地","Source identities have different locality/address evidence. Retain separate candidates; this is not current existence or navigation certification.",""
"ja:京都府:平安神宮","MERGED_SUPPORTED","false","geoshape-nrct-poi:270000047500","Okazaki Nishitenno-cho, Sakyo-ku, Kyoto-shi, Kyoto-fu / 京都府 京都市 左京区岡崎西天王町97番地","All baseline members now belong to one explicit evidence-backed candidate group; no Master Code allocated.",""
"ja:京都府:御霊神社","KEEP_SEPARATE_DISTINCT_SOURCE_LOCATIONS","false","geoshape-nrct-poi:260000018500 | geoshape-nrct-poi:260000022500","京都府 京都市 西京区上桂西居町48番地 | 京都府 木津川市 木津宮ノ裏285番地","Source identities have different locality/address evidence. Retain separate candidates; this is not current existence or navigation certification.",""
"ja:京都府:極楽寺","KEEP_SEPARATE_DISTINCT_SOURCE_LOCATIONS","false","geoshape-nrct-poi:260000031800 | geoshape-nrct-poi:260000046500","京都府 京都市 上京区七番町七本松通出水下る三番町282番地 | 京都府 京田辺市 天王大岩41番地","Source identities have different locality/address evidence. Retain separate candidates; this is not current existence or navigation certification.",""
"ja:京都府:清水寺","MERGED_SUPPORTED","false","geoshape-nrct-poi:270000079000","294 Kiyomizu 1 Chome, Higashiyama-ku, Kyoto-shi, Kyoto-fu / 京都府 京都市 東山区清水一丁目","All baseline members now belong to one explicit evidence-backed candidate group; no Master Code allocated.",""
"ja:京都府:知恩院","MERGED_SUPPORTED","false","geoshape-nrct-poi:270000056400","400 Rinka-cho, Higashiyama-ku, Kyoto-shi, Kyoto-fu / 京都府 京都市 東山区林下町","All baseline members now belong to one explicit evidence-backed candidate group; no Master Code allocated.",""
"ja:京都府:石清水八幡宮","MERGED_SUPPORTED","false","geoshape-nrct-poi:260000048200","京都府 八幡市 八幡高坊30番地","All baseline members now belong to one explicit evidence-backed candidate group; no Master Code allocated.","https://www.kyototourism.org/zh-hant/sightseeing/742/"
"ja:京都府:石田神社","KEEP_SEPARATE_DISTINCT_SOURCE_LOCATIONS","false","geoshape-nrct-poi:260000056500 | geoshape-nrct-poi:260000056900","京都府 八幡市 上津屋里垣内77番地 | 京都府 八幡市 岩田里35番地","Source identities have different locality/address evidence. Retain separate candidates; this is not current existence or navigation certification.",""
"ja:京都府:荒見神社","KEEP_SEPARATE_DISTINCT_SOURCE_LOCATIONS","false","geoshape-nrct-poi:260000060300 | geoshape-nrct-poi:260000064800","京都府 久世郡久御山町 田井小字荒見49番地 | 京都府 城陽市 富野荒見田富野165番地","Source identities have different locality/address evidence. Retain separate candidates; this is not current existence or navigation certification.",""
"ja:京都府:萬福寺","KEEP_SEPARATE_DISTINCT_SOURCE_LOCATIONS","false","candidate:B_V1_PROPOSED:60314 | geoshape-nrct-poi:260000070000","Sanbanwari-34 Gokasho, Uji-shi, Kyoto-fu | 京都府 京都市 南区久世大藪町319番地","Source identities have different locality/address evidence. Retain separate candidates; this is not current existence or navigation certification.",""
"ja:京都府:許波多神社","KEEP_SEPARATE_DISTINCT_SOURCE_LOCATIONS","false","geoshape-nrct-poi:260000069500 | geoshape-nrct-poi:260000070600","京都府 宇治市 木幡東中1番地 | 京都府 宇治市 五ケ庄古川13番地","Source identities have different locality/address evidence. Retain separate candidates; this is not current existence or navigation certification.",""
"ja:京都府:詩仙堂","MERGED_SUPPORTED","false","geoshape-nrct-poi:270000034400","27 Ichijoji Monguchi-cho, Sakyo-ku, Kyoto-shi, Kyoto-fu / 京都府 京都市左京区 一乗寺門口町","All baseline members now belong to one explicit evidence-backed candidate group; no Master Code allocated.",""
"ja:京都府:須賀神社","KEEP_SEPARATE_DISTINCT_SOURCE_LOCATIONS","false","geoshape-nrct-poi:260000046900 | geoshape-nrct-poi:270000051500","京都府 京田辺市 打田宮本91番地1 | 京都府 京都市 左京区聖護院円頓美町1番地","Source identities have different locality/address evidence. Retain separate candidates; this is not current existence or navigation certification.",""
"ja:佐賀県:八坂神社","HOLD_SOURCE_IDENTITY_AMBIGUITY","true","geoshape-nrct-poi:420000024700 | geoshape-nrct-poi:420000025100","佐賀県 鳥栖市 田代新町130番地 | 佐賀県 鳥栖市 田代新町130番地","Different historical provider entries share an estimated coordinate; same name/address/point does not establish an alias.",""
"ja:佐賀県:吉野ヶ里遺跡","MERGED_SUPPORTED","false","geoshape-nrct-poi:420000041500","1843 Tade, Yoshinogari-cho, Kanzaki-gun, Saga-ken / 佐賀県 神埼郡吉野ヶ里町 田手","All baseline members now belong to one explicit evidence-backed candidate group; no Master Code allocated.",""
"ja:佐賀県:老松神社","HOLD_SOURCE_IDENTITY_AMBIGUITY","true","geoshape-nrct-poi:420000019500 | geoshape-nrct-poi:420000028600","佐賀県 三養基郡基山町 大字小倉1309番地 | 佐賀県 三養基郡基山町 大字小倉1309番地","Different historical provider entries share an estimated coordinate; same name/address/point does not establish an alias.",""
"ja:兵庫県:中山寺","KEEP_SEPARATE_DISTINCT_SOURCE_LOCATIONS","false","candidate:B_V1_PROPOSED:60619 | geoshape-nrct-poi:290000102600"," | 兵庫県 神戸市 東灘区森南町二丁目9番10号","Source identities have different locality/address evidence. Retain separate candidates; this is not current existence or navigation certification.","https://www.saikoku33.gr.jp/place/24"
"ja:兵庫県:八幡神社","KEEP_SEPARATE_DISTINCT_SOURCE_LOCATIONS","false","geoshape-nrct-poi:290000025100 | geoshape-nrct-poi:290000104500","兵庫県 神戸市 北区山田町中字宮ノ片山田町中57番地 | 兵庫県 宝塚市 波豆字谷田東掛波豆2番地","Source identities have different locality/address evidence. Retain separate candidates; this is not current existence or navigation certification.",""
"ja:兵庫県:善福寺","KEEP_SEPARATE_DISTINCT_SOURCE_LOCATIONS","false","geoshape-nrct-poi:290000028000 | geoshape-nrct-poi:290000046000","兵庫県 神戸市 北区有馬町1645番地 | 兵庫県 豊岡市 日高町夏栗539番地","Source identities have different locality/address evidence. Retain separate candidates; this is not current existence or navigation certification.",""
"ja:北海道:湯倉神社","KEEP_SEPARATE_DISTINCT_SOURCE_LOCATIONS","false","candidate:B-SNS-20260915-R02-131 | geoshape-nrct-poi:010000054100","北海道函館市湯川町2-28-1 | 北海道 上磯郡知内町 字湯ノ里284番地","Source identities have different locality/address evidence. Retain separate candidates; this is not current existence or navigation certification.",""
"ja:和歌山県:大師堂跡","HOLD_SOURCE_IDENTITY_AMBIGUITY","true","geoshape-nrct-poi:310000020100 | geoshape-nrct-poi:310000031400","和歌山県 伊都郡高野町 大字高野山 | 和歌山県 伊都郡高野町 大字高野山","Different historical provider entries share an estimated coordinate; same name/address/point does not establish an alias.",""
"ja:和歌山県:宝来山神社","KEEP_SEPARATE_DISTINCT_SOURCE_LOCATIONS","false","candidate:B-SNS-20260915-R05-024 | geoshape-nrct-poi:310000041800","和歌山県伊都郡かつらぎ町萩原56番地 | 和歌山県 和歌山市 伊太祈曽558番地","Source identities have different locality/address evidence. Retain separate candidates; this is not current existence or navigation certification.",""
"ja:大分県:八幡社","HOLD_SOURCE_IDENTITY_AMBIGUITY","true","geoshape-nrct-poi:450000017200 | geoshape-nrct-poi:450000105300","大分県 大分市 大字竹中1134番地 | 大分県 大分市 大字竹中1134番地","Different historical provider entries share an estimated coordinate; same name/address/point does not establish an alias.",""
"ja:大分県:八幡神社","KEEP_SEPARATE_DISTINCT_SOURCE_LOCATIONS","false","geoshape-nrct-poi:450000015400 | geoshape-nrct-poi:450000020300","大分県 宇佐市 安心院町松本105番地 | 大分県 中津市 三光臼木1695番地1","Source identities have different locality/address evidence. Retain separate candidates; this is not current existence or navigation certification.",""
"ja:大分県:宝陀寺","KEEP_SEPARATE_DISTINCT_SOURCE_LOCATIONS","false","geoshape-nrct-poi:450000072500 | geoshape-nrct-poi:450000092900","大分県 宇佐市 大字麻生3520番地 | 大分県 杵築市 大田沓掛1361番地","Source identities have different locality/address evidence. Retain separate candidates; this is not current existence or navigation certification.",""
"ja:大分県:熊野磨崖仏","MERGED_SUPPORTED","false","geoshape-nrct-poi:450000106300","2546-3 Tashibuhirano, Bungotakada-shi, Oita-ken / 大分県 豊後高田市 田染平野","All baseline members now belong to one explicit evidence-backed candidate group; no Master Code allocated.",""
"ja:大阪府:勝尾寺","MERGED_SUPPORTED","false","geoshape-nrct-poi:280000077300","大阪府 箕面市 大字粟生間谷2914番地","All baseline members now belong to one explicit evidence-backed candidate group; no Master Code allocated.","https://shinbutsureijou.com/reijou/katsuouji/"
"ja:大阪府:茶臼山古墳","KEEP_SEPARATE_DISTINCT_SOURCE_LOCATIONS","false","geoshape-nrct-poi:280000044000 | geoshape-nrct-poi:280000079700","大阪府 茨木市 太田三丁目 | 大阪府 池田市 五月丘一丁目","Source identities have different locality/address evidence. Retain separate candidates; this is not current existence or navigation certification.",""
"ja:奈良県:大坂山口神社","HOLD_ADDRESS_COORDINATE_CONTRADICTION","true","geoshape-nrct-poi:300000047300 | geoshape-nrct-poi:300000048100","奈良県 奈良市 都祁小山戸町640番地 | 奈良県 奈良市 都祁小山戸町640番地","Same retained address is attached to different historical points. Do not merge or silently correct source geography.",""
"ja:奈良県:椿井城跡","HOLD_SOURCE_IDENTITY_AMBIGUITY","true","geoshape-nrct-poi:260000025400 | geoshape-nrct-poi:300000017900","奈良県 生駒郡平群町 大字椿井 | 奈良県 生駒郡平群町 大字椿井","Different historical provider entries share an estimated coordinate; same name/address/point does not establish an alias.",""
"ja:奈良県:極楽寺","KEEP_SEPARATE_DISTINCT_SOURCE_LOCATIONS","false","geoshape-nrct-poi:300000030300 | geoshape-nrct-poi:300000034000","奈良県 大和郡山市八条町 694番地 | 奈良県 生駒郡安堵町 大字東安堵1453番地","Source identities have different locality/address evidence. Retain separate candidates; this is not current existence or navigation certification.",""
"ja:奈良県:法楽寺","KEEP_SEPARATE_DISTINCT_SOURCE_LOCATIONS","false","geoshape-nrct-poi:300000041500 | geoshape-nrct-poi:300000048600","奈良県 生駒市 高山町6601番地 | 奈良県 磯城郡田原本町 大字黒田360番地","Source identities have different locality/address evidence. Retain separate candidates; this is not current existence or navigation certification.",""
"ja:奈良県:法隆寺","MERGED_SUPPORTED","false","geoshape-nrct-poi:300000028500","奈良県 生駒郡斑鳩町 法隆寺山内1番","All baseline members now belong to one explicit evidence-backed candidate group; no Master Code allocated.","https://www.japan.travel/en/spot/2000/"
"ja:宮城県:竹駒神社","MERGED_SUPPORTED","false","geoshape-nrct-poi:040000055300","宮城県 岩沼市 稲荷町1番 / 宮城県岩沼市稲荷町1-1","All baseline members now belong to one explicit evidence-backed candidate group; no Master Code allocated.",""
"ja:宮崎県:八幡神社","HOLD_SOURCE_IDENTITY_AMBIGUITY","true","geoshape-nrct-poi:460000044500 | geoshape-nrct-poi:460000066900","宮崎県 児湯郡都農町 大字川北4154番地 | 宮崎県 児湯郡都農町 大字川北4154番地","Different historical provider entries share an estimated coordinate; same name/address/point does not establish an alias.",""
"ja:宮崎県:吉祥寺","KEEP_SEPARATE_DISTINCT_SOURCE_LOCATIONS","false","geoshape-nrct-poi:460000018700 | geoshape-nrct-poi:460000080900","宮崎県 延岡市 北川町川内名6755番地 | 宮崎県 宮崎市 佐土原町上田島469番地","Source identities have different locality/address evidence. Retain separate candidates; this is not current existence or navigation certification.",""
"ja:宮崎県:西都原古墳群","MERGED_SUPPORTED","false","geoshape-nrct-poi:460000071000","Miyake, Saito-shi, Miyazaki-ken / 宮崎県 西都市 大字三宅","All baseline members now belong to one explicit evidence-backed candidate group; no Master Code allocated.",""
"ja:山口県:岩隈八幡宮","HOLD_SOURCE_IDENTITY_AMBIGUITY","true","geoshape-nrct-poi:360000028800 | geoshape-nrct-poi:360000029700","山口県 岩国市 周東町祖生7184番地 | 山口県 岩国市 周東町祖生7184番地","Different historical provider entries share an estimated coordinate; same name/address/point does not establish an alias.",""
"ja:山口県:椎尾八幡宮","HOLD_ADDRESS_COORDINATE_CONTRADICTION","true","geoshape-nrct-poi:360000035000 | geoshape-nrct-poi:360000046200","山口県 岩国市 角82番地 | 山口県 岩国市 角82番地","Same retained address is attached to different historical points. Do not merge or silently correct source geography.",""
"ja:山口県:河内神社","HOLD_SOURCE_IDENTITY_AMBIGUITY","true","geoshape-nrct-poi:360000019200 | geoshape-nrct-poi:360000023700","山口県 山口市 阿東生雲中2155番地 | 山口県 山口市 阿東生雲中2155番地","Different historical provider entries share an estimated coordinate; same name/address/point does not establish an alias.",""
"ja:山口県:瑞相寺","HOLD_SOURCE_IDENTITY_AMBIGUITY","true","geoshape-nrct-poi:360000036000 | geoshape-nrct-poi:360000049100","山口県 柳井市 柳井津308番地 | 山口県 柳井市 柳井津308番地","Different historical provider entries share an estimated coordinate; same name/address/point does not establish an alias.",""
"ja:山口県:賀茂神社","HOLD_SOURCE_IDENTITY_AMBIGUITY","true","geoshape-nrct-poi:360000041100 | geoshape-nrct-poi:360000051200 | geoshape-nrct-poi:360000064500","山口県 光市 大字三井一丁目22番 | 山口県 光市 大字三井一丁目22番 | 山口県 光市 大字三井一丁目22番","Different historical provider entries share an estimated coordinate; same name/address/point does not establish an alias.",""
"ja:山形県:上杉神社","MERGED_SUPPORTED","false","geoshape-nrct-poi:060000016300","1-4 Marunouchi, Yonezawa-shi, Yamagata-ken / 山形県 米沢市 丸の内一丁目4番13号","All baseline members now belong to one explicit evidence-backed candidate group; no Master Code allocated.",""
"ja:山形県:八乙女八幡神社","MERGED_SUPPORTED","false","geoshape-nrct-poi:060000052700","山形県 西置賜郡白鷹町 大字荒砥甲 / 山形県西置賜郡白鷹町荒砥甲","All baseline members now belong to one explicit evidence-backed candidate group; no Master Code allocated.",""
"ja:山形県:大宮子易両神社","MERGED_SUPPORTED","false","geoshape-nrct-poi:060000047500","山形県 西置賜郡小国町 大字大宮243番地1 / 山形県西置賜郡小国町大字大宮237","All baseline members now belong to one explicit evidence-backed candidate group; no Master Code allocated.","https://oomiya-koyasu.or.jp/ | https://yamagata-jinjyacho.or.jp/shrine_detail/08019"
"ja:山梨県:北口本宮冨士浅間神社","HOLD_CROSS_SOURCE_LOCATION_CONFLICT","true","candidate:B_V1_PROPOSED:60062 | geoshape-nrct-poi:190000041200","Katsuyama, Fujikawaguchiko-machi, Minamitsuru-gun, Yamanashi-ken | 山梨県 富士吉田市 上吉田5558番地","Primary/locality evidence conflicts with the retained house number, neighborhood or historical point. Preserve source identities separately; do not invent an address correction or assert an alias.",""
"ja:山梨県:清水家陣屋跡","KEEP_SEPARATE_DISTINCT_SOURCE_LOCATIONS","false","geoshape-nrct-poi:190000048100 | geoshape-nrct-poi:190000062300","山梨県 笛吹市 春日居町下岩下 | 山梨県 山梨市 北","Source identities have different locality/address evidence. Retain separate candidates; this is not current existence or navigation certification.",""
"ja:山梨県:金桜神社","KEEP_SEPARATE_DISTINCT_SOURCE_LOCATIONS","false","geoshape-nrct-poi:190000045500 | geoshape-nrct-poi:190000061700","山梨県 山梨市 牧丘町杣口2919番地 | 山梨県 山梨市 万力3557番地","Source identities have different locality/address evidence. Retain separate candidates; this is not current existence or navigation certification.",""
"ja:岐阜県:三輪神社","KEEP_SEPARATE_DISTINCT_SOURCE_LOCATIONS","false","candidate:B-SNS-20260915-R09-244 | geoshape-nrct-poi:210000103100 | geoshape-nrct-poi:210000193000","岐阜県揖斐郡揖斐川町三輪1322 | 岐阜県 中津川市 付知町410番地2 | 岐阜県 岐阜市 三輪965番地","Source identities have different locality/address evidence. Retain separate candidates; this is not current existence or navigation certification.",""
"ja:岐阜県:下田遺跡","KEEP_SEPARATE_DISTINCT_SOURCE_LOCATIONS","false","geoshape-nrct-poi:210000318100 | geoshape-nrct-poi:210000379600","岐阜県 恵那市 三郷町野井 | 岐阜県 郡上市 八幡町旭","Source identities have different locality/address evidence. Retain separate candidates; this is not current existence or navigation certification.",""
"ja:岐阜県:八幡神社","HOLD_SOURCE_IDENTITY_AMBIGUITY","true","geoshape-nrct-poi:210000080000 | geoshape-nrct-poi:210000092700 | geoshape-nrct-poi:210000143100 | geoshape-nrct-poi:210000204200 | geoshape-nrct-poi:210000232000 | geoshape-nrct-poi:210000276700 | geoshape-nrct-poi:210000294700 | geoshape-nrct-poi:210000307900 | geoshape-nrct-poi:210000328900 | geoshape-nrct-poi:210000332600 | geoshape-nrct-poi:210000333400","岐阜県 大垣市 西外側町一丁目1番地 | 岐阜県 大垣市 多芸島二丁目1番地 | 岐阜県 岐阜市 前一色二丁目1番6号 | 岐阜県 岐阜市 前一色二丁目1番6号 | 岐阜県 郡上市八幡町小野 字ヒツツリ7番地 | 岐阜県 岐阜市 前一色二丁目1番6号 | 岐阜県 土岐市 妻木町3051番地 | 岐阜県 恵那市 岩村町18番地 | 岐阜県 岐阜市 前一色二丁目1番6号 | 岐阜県 下呂市 森1321番地 | 岐阜県 下呂市 乗政1009番地の1","Different historical provider entries share an estimated coordinate; same name/address/point does not establish an alias.",""
"ja:岐阜県:円城寺","KEEP_SEPARATE_DISTINCT_SOURCE_LOCATIONS","false","geoshape-nrct-poi:210000388600 | geoshape-nrct-poi:210000390500","岐阜県 飛騨市 神岡町殿425番地 | 岐阜県 飛騨市 神岡町船津1129番地","Source identities have different locality/address evidence. Retain separate candidates; this is not current existence or navigation certification.",""
"ja:岐阜県:南宮神社","KEEP_SEPARATE_DISTINCT_SOURCE_LOCATIONS","false","geoshape-nrct-poi:210000036400 | geoshape-nrct-poi:210000261500","岐阜県 加茂郡川辺町 下吉田220番地 | 岐阜県 加茂郡八百津町 錦織字美名ケ洞542番地","Source identities have different locality/address evidence. Retain separate candidates; this is not current existence or navigation certification.",""
"ja:岐阜県:大船神社","KEEP_SEPARATE_DISTINCT_SOURCE_LOCATIONS","false","geoshape-nrct-poi:210000258400 | geoshape-nrct-poi:210000314000","岐阜県 加茂郡八百津町 八百津4424番地 | 岐阜県 恵那市 上矢作町字高井戸1307番地の1","Source identities have different locality/address evidence. Retain separate candidates; this is not current existence or navigation certification.",""
"ja:岐阜県:天神神社","MERGED_SUPPORTED","false","geoshape-nrct-poi:210000182500","岐阜県 岐阜市 大字長良1972番地 / 岐阜県岐阜市長良1972-1","All baseline members now belong to one explicit evidence-backed candidate group; no Master Code allocated.",""
"ja:岐阜県:安国寺","KEEP_SEPARATE_DISTINCT_SOURCE_LOCATIONS","false","geoshape-nrct-poi:210000100100 | geoshape-nrct-poi:210000373300","岐阜県 揖斐郡池田町 小寺304番地 | 岐阜県 高山市 国府町西門前474番地","Source identities have different locality/address evidence. Retain separate candidates; this is not current existence or navigation certification.",""
"ja:岐阜県:安楽寺","KEEP_SEPARATE_DISTINCT_SOURCE_LOCATIONS","false","geoshape-nrct-poi:210000095600 | geoshape-nrct-poi:210000251100","岐阜県 大垣市 赤坂町756番地 | 岐阜県 加茂郡坂祝町 大針31番地","Source identities have different locality/address evidence. Retain separate candidates; this is not current existence or navigation certification.",""
"ja:岐阜県:安養寺","KEEP_SEPARATE_DISTINCT_SOURCE_LOCATIONS","false","geoshape-nrct-poi:210000227500 | geoshape-nrct-poi:210000290000","岐阜県 郡上市八幡町柳町 217番地 | 岐阜県 多治見市 白山町二丁目44番地","Source identities have different locality/address evidence. Retain separate candidates; this is not current existence or navigation certification.",""
"ja:岐阜県:小島城跡","KEEP_SEPARATE_DISTINCT_SOURCE_LOCATIONS","false","geoshape-nrct-poi:210000107900 | geoshape-nrct-poi:210000375800","岐阜県 揖斐郡揖斐川町 春日六合 | 岐阜県 飛騨市 古川町沼町","Source identities have different locality/address evidence. Retain separate candidates; this is not current existence or navigation certification.",""
"ja:岐阜県:御井神社","KEEP_SEPARATE_DISTINCT_SOURCE_LOCATIONS","false","geoshape-nrct-poi:210000043500 | geoshape-nrct-poi:210000201500","岐阜県 養老郡養老町 金屋237番地 | 岐阜県 各務原市 三井町五丁目8番地","Source identities have different locality/address evidence. Retain separate candidates; this is not current existence or navigation certification.",""
"ja:岐阜県:手力雄神社","HOLD_CROSS_SOURCE_LOCATION_CONFLICT","true","candidate:B-SNS-20260915-R04-094 | geoshape-nrct-poi:210000196700","岐阜県各務原市那加長塚町1-87 | 岐阜県 各務原市 那加手力町4番地","Primary/locality evidence conflicts with the retained house number, neighborhood or historical point. Preserve source identities separately; do not invent an address correction or assert an alias.",""
"ja:岐阜県:日吉神社","KEEP_SEPARATE_DISTINCT_SOURCE_LOCATIONS","false","geoshape-nrct-poi:210000071400 | geoshape-nrct-poi:210000071800 | geoshape-nrct-poi:210000229600","岐阜県 山県市 小倉666番地 | 岐阜県 本巣市 十四条895番地 | 岐阜県 郡上市八幡町島谷 683番地","Source identities have different locality/address evidence. Retain separate candidates; this is not current existence or navigation certification.",""
"ja:岐阜県:明知城跡","KEEP_SEPARATE_DISTINCT_SOURCE_LOCATIONS","false","geoshape-nrct-poi:210000283200 | geoshape-nrct-poi:210000310500","岐阜県 可児市 羽生ケ丘五丁目 | 岐阜県 恵那市 明智町","Source identities have different locality/address evidence. Retain separate candidates; this is not current existence or navigation certification.",""
"ja:岐阜県:春日神社","KEEP_SEPARATE_DISTINCT_SOURCE_LOCATIONS","false","geoshape-nrct-poi:210000150600 | geoshape-nrct-poi:210000212700 | geoshape-nrct-poi:210000277100","岐阜県 本巣市 根尾神所550番地1 | 岐阜県 関市 南春日町1番地 | 岐阜県 山県市 椎倉110番地","Source identities have different locality/address evidence. Retain separate candidates; this is not current existence or navigation certification.",""
"ja:岐阜県:本覚寺","KEEP_SEPARATE_DISTINCT_SOURCE_LOCATIONS","false","geoshape-nrct-poi:210000127500 | geoshape-nrct-poi:210000393800","岐阜県 羽島市 竹鼻町2434番地 | 岐阜県 高山市 上宝町本郷1425番地","Source identities have different locality/address evidence. Retain separate candidates; this is not current existence or navigation certification.",""
"ja:岐阜県:東光寺","KEEP_SEPARATE_DISTINCT_SOURCE_LOCATIONS","false","geoshape-nrct-poi:210000156000 | geoshape-nrct-poi:210000259300","岐阜県 揖斐郡揖斐川町 若松83番地 | 岐阜県 加茂郡八百津町 八百津8329番地","Source identities have different locality/address evidence. Retain separate candidates; this is not current existence or navigation certification.",""
"ja:岐阜県:林昌寺","KEEP_SEPARATE_DISTINCT_SOURCE_LOCATIONS","false","geoshape-nrct-poi:210000309400 | geoshape-nrct-poi:210000375100","岐阜県 恵那市 山岡町久保原388番地 | 岐阜県 飛騨市 古川町片原町2番27号","Source identities have different locality/address evidence. Retain separate candidates; this is not current existence or navigation certification.",""
"ja:岐阜県:正法寺","KEEP_SEPARATE_DISTINCT_SOURCE_LOCATIONS","false","geoshape-nrct-poi:210000167900 | geoshape-nrct-poi:210000188200","岐阜県 岐阜市 大仏町8番地 | 岐阜県 岐阜市 大字小野小野598番地の1","Source identities have different locality/address evidence. Retain separate candidates; this is not current existence or navigation certification.",""
"ja:岐阜県:正眼寺","HOLD_ADDRESS_COORDINATE_CONTRADICTION","true","geoshape-nrct-poi:210000271900 | geoshape-nrct-poi:210000390900","岐阜県 飛騨市 神岡町西漆山142番地 | 岐阜県 飛騨市 神岡町西漆山142番地","Same retained address is attached to different historical points. Do not merge or silently correct source geography.",""
"ja:岐阜県:武並神社","KEEP_SEPARATE_DISTINCT_SOURCE_LOCATIONS","false","geoshape-nrct-poi:210000307800 | geoshape-nrct-poi:210000316300","岐阜県 恵那市 岩村町2287番地1 | 岐阜県 恵那市 大井町1101番地","Source identities have different locality/address evidence. Retain separate candidates; this is not current existence or navigation certification.",""
"ja:岐阜県:洞泉寺","KEEP_SEPARATE_DISTINCT_SOURCE_LOCATIONS","false","geoshape-nrct-poi:210000230400 | geoshape-nrct-poi:210000382600","岐阜県 郡上市美並町上田 2984番地の1 | 岐阜県 飛騨市 宮川町林184番地","Source identities have different locality/address evidence. Retain separate candidates; this is not current existence or navigation certification.",""
"ja:岐阜県:洞雲寺","HOLD_SOURCE_IDENTITY_AMBIGUITY","true","geoshape-nrct-poi:210000263500 | geoshape-nrct-poi:210000390400","岐阜県 飛騨市 神岡町船津570番地 | 岐阜県 飛騨市 神岡町船津570番地","Different historical provider entries share an estimated coordinate; same name/address/point does not establish an alias.",""
"ja:岐阜県:津島神社","KEEP_SEPARATE_DISTINCT_SOURCE_LOCATIONS","false","geoshape-nrct-poi:210000070500 | geoshape-nrct-poi:210000386000","岐阜県 岐阜市 石原一丁目132番地 | 岐阜県 飛騨市 神岡町山田524番地","Source identities have different locality/address evidence. Retain separate candidates; this is not current existence or navigation certification.",""
"ja:岐阜県:洲原神社","MERGED_SUPPORTED","false","geoshape-nrct-poi:210000221300","岐阜県 美濃市 須原468番地 / 岐阜県美濃市須原468-1-1","All baseline members now belong to one explicit evidence-backed candidate group; no Master Code allocated.",""
"ja:岐阜県:浄光寺","HOLD_SOURCE_IDENTITY_AMBIGUITY","true","geoshape-nrct-poi:210000153300 | geoshape-nrct-poi:210000306100","岐阜県 安八郡輪之内町 福束56番地 | 岐阜県 安八郡輪之内町 福束56番地","Different historical provider entries share an estimated coordinate; same name/address/point does not establish an alias.",""
"ja:岐阜県:熊野神社","KEEP_SEPARATE_DISTINCT_SOURCE_LOCATIONS","false","geoshape-nrct-poi:210000225300 | geoshape-nrct-poi:210000234300","岐阜県 岐阜市 綱代則松字大洞口1183番地 | 岐阜県 郡上市八幡町小那比 字宮ケ洞3564番地の1","Source identities have different locality/address evidence. Retain separate candidates; this is not current existence or navigation certification.",""
"ja:岐阜県:白山神社","HOLD_ADDRESS_COORDINATE_CONTRADICTION","true","geoshape-nrct-poi:210000152300 | geoshape-nrct-poi:210000154300 | geoshape-nrct-poi:210000226900 | geoshape-nrct-poi:210000237600 | geoshape-nrct-poi:210000240800 | geoshape-nrct-poi:210000246100 | geoshape-nrct-poi:210000361800","岐阜県 本巣市 根尾能郷162番地 | 岐阜県 岐阜市 大字日野日野字舟伏山3967番地の2 | 岐阜県 岐阜市 大字日野日野字舟伏山3967番地の2 | 岐阜県 郡上市和良町宮代 字天王1814番地 | 岐阜県 郡上市大和町大間見 863番地の1 | 岐阜県 岐阜市 大字日野日野字舟伏山3967番地の2 | 岐阜県 高山市 若達町一丁目若達町1丁目74番地","Same retained address is attached to different historical points. Do not merge or silently correct source geography.",""
"ja:岐阜県:神明神社","KEEP_SEPARATE_DISTINCT_SOURCE_LOCATIONS","false","geoshape-nrct-poi:210000260300 | geoshape-nrct-poi:210000266800 | geoshape-nrct-poi:210000383500","岐阜県 加茂郡八百津町 久田見3966番地の2 | 岐阜県 加茂郡東白川村 神土2227番地1 | 岐阜県 飛騨市 宮川町西忍字牛山472番地","Source identities have different locality/address evidence. Retain separate candidates; this is not current existence or navigation certification.",""
"ja:岐阜県:貴船神社","KEEP_SEPARATE_DISTINCT_SOURCE_LOCATIONS","false","geoshape-nrct-poi:210000212800 | geoshape-nrct-poi:210000275100","岐阜県 関市 貴船町20番地 | 岐阜県 大垣市 上石津町宮708番地","Source identities have different locality/address evidence. Retain separate candidates; this is not current existence or navigation certification.",""
"ja:岐阜県:長塚古墳","KEEP_SEPARATE_DISTINCT_SOURCE_LOCATIONS","false","geoshape-nrct-poi:210000097400 | geoshape-nrct-poi:210000280900","岐阜県 大垣市 矢道町一丁目 | 岐阜県 可児市 中恵土","Source identities have different locality/address evidence. Retain separate candidates; this is not current existence or navigation certification.",""
"ja:岐阜県:長蔵寺","HOLD_SOURCE_IDENTITY_AMBIGUITY","true","geoshape-nrct-poi:210000222600 | geoshape-nrct-poi:210000251900","岐阜県 加茂郡坂祝町 酒倉169番地 | 岐阜県 加茂郡坂祝町 酒倉169番地","Different historical provider entries share an estimated coordinate; same name/address/point does not establish an alias.",""
"ja:岡山県:八幡神社","HOLD_SOURCE_IDENTITY_AMBIGUITY","true","geoshape-nrct-poi:340000041000 | geoshape-nrct-poi:340000048200 | geoshape-nrct-poi:340000049300 | geoshape-nrct-poi:340000105000 | geoshape-nrct-poi:340000113500","岡山県 勝田郡奈義町 柿944番地 | 岡山県 岡山市 北区川入1165番地 | 岡山県 岡山市 北区川入1165番地 | 岡山県 岡山市 北区川入1165番地 | 岡山県 岡山市 北区川入1165番地","Different historical provider entries share an estimated coordinate; same name/address/point does not establish an alias.",""
"ja:岡山県:構城跡","KEEP_SEPARATE_DISTINCT_SOURCE_LOCATIONS","false","geoshape-nrct-poi:340000046100 | geoshape-nrct-poi:340000073000","岡山県 勝田郡勝央町 植月中 | 岡山県 津山市 院庄","Source identities have different locality/address evidence. Retain separate candidates; this is not current existence or navigation certification.",""
"ja:岡山県:津山城跡","MERGED_SUPPORTED","false","geoshape-nrct-poi:340000063800","135 Sange, Tsuyama-shi, Okayama-ken / 岡山県 津山市 山下","All baseline members now belong to one explicit evidence-backed candidate group; no Master Code allocated.",""
"ja:岩手県:五葉山神社","KEEP_SEPARATE_DISTINCT_SOURCE_LOCATIONS","false","geoshape-nrct-poi:030000014000 | geoshape-nrct-poi:030000016500","岩手県 盛岡市 繋字下祢宜屋敷33番地 | 岩手県 大船渡市 日頃市町字関谷27番地5","Source identities have different locality/address evidence. Retain separate candidates; this is not current existence or navigation certification.",""
"ja:岩手県:無量光院跡","MERGED_SUPPORTED","false","geoshape-nrct-poi:030000036200","Hanadate, Hiraizumi-cho, Nishiiwai-gun, Iwate-ken / 岩手県 西磐井郡平泉町 平泉","All baseline members now belong to one explicit evidence-backed candidate group; no Master Code allocated.",""
"ja:島根県:山狭神社","KEEP_SEPARATE_DISTINCT_SOURCE_LOCATIONS","false","geoshape-nrct-poi:330000076400 | geoshape-nrct-poi:330000076600","島根県 安来市 広瀬町下山佐1176番地 | 島根県 安来市 広瀬町上山佐598番地","Source identities have different locality/address evidence. Retain separate candidates; this is not current existence or navigation certification.",""
"ja:島根県:洞光寺","KEEP_SEPARATE_DISTINCT_SOURCE_LOCATIONS","false","geoshape-nrct-poi:330000047800 | geoshape-nrct-poi:330000073300","島根県 松江市 新町832番地 | 島根県 安来市 広瀬町広瀬1431番地","Source identities have different locality/address evidence. Retain separate candidates; this is not current existence or navigation certification.",""
"ja:広島県:亀山城跡","KEEP_SEPARATE_DISTINCT_SOURCE_LOCATIONS","false","geoshape-nrct-poi:350000021400 | geoshape-nrct-poi:350000061000","広島県 庄原市 東城町小奴可 | 広島県 三次市 西河内町","Source identities have different locality/address evidence. Retain separate candidates; this is not current existence or navigation certification.",""
"ja:広島県:光善寺","KEEP_SEPARATE_DISTINCT_SOURCE_LOCATIONS","false","geoshape-nrct-poi:350000033800 | geoshape-nrct-poi:350000048900","広島県 庄原市 口和町永田601番地 | 広島県 三次市 三良坂町三良坂1813番地","Source identities have different locality/address evidence. Retain separate candidates; this is not current existence or navigation certification.",""
"ja:広島県:厳島神社","HOLD_SOURCE_IDENTITY_AMBIGUITY","true","candidate:B_V1_PROPOSED:60523 | geoshape-nrct-poi:350000043400 | geoshape-nrct-poi:350000057100"," | 広島県 三次市 十日市中四丁目7番11号 | 広島県 三次市 十日市中四丁目7番11号","Different historical provider entries share an estimated coordinate; same name/address/point does not establish an alias.","https://www.japan.travel/en/spot/887/"
"ja:広島県:岩屋寺","KEEP_SEPARATE_DISTINCT_SOURCE_LOCATIONS","false","geoshape-nrct-poi:350000016200 | geoshape-nrct-poi:350000062100","広島県 神石郡神石高原町 小畠386番地 | 広島県 三次市 畠敷町2112番地","Source identities have different locality/address evidence. Retain separate candidates; this is not current existence or navigation certification.",""
"ja:広島県:杵築神社","HOLD_ADDRESS_COORDINATE_CONTRADICTION","true","geoshape-nrct-poi:350000030200 | geoshape-nrct-poi:350000042800","広島県 三次市 君田町櫃田979番地 | 広島県 三次市 君田町櫃田979番地","Same retained address is attached to different historical points. Do not merge or silently correct source geography.",""
"ja:広島県:熊野神社","KEEP_SEPARATE_DISTINCT_SOURCE_LOCATIONS","false","geoshape-nrct-poi:350000027700 | geoshape-nrct-poi:350000061900","広島県 安芸高田市 向原町坂3891番地 | 広島県 三次市 畠敷町629番地1","Source identities have different locality/address evidence. Retain separate candidates; this is not current existence or navigation certification.",""
"ja:広島県:石神社","HOLD_ADDRESS_COORDINATE_CONTRADICTION","true","geoshape-nrct-poi:350000013300 | geoshape-nrct-poi:350000021800","広島県 庄原市 東城町塩原628番地 | 広島県 庄原市 東城町塩原628番地","Same retained address is attached to different historical points. Do not merge or silently correct source geography.",""
"ja:広島県:艮神社","KEEP_SEPARATE_DISTINCT_SOURCE_LOCATIONS","false","geoshape-nrct-poi:350000035700 | geoshape-nrct-poi:350000050700","広島県 庄原市 本郷町292番地 | 広島県 三次市 石原町967番地","Source identities have different locality/address evidence. Retain separate candidates; this is not current existence or navigation certification.",""
"ja:徳島県:八幡神社","HOLD_SOURCE_IDENTITY_AMBIGUITY","true","geoshape-nrct-poi:370000023200 | geoshape-nrct-poi:370000025000 | geoshape-nrct-poi:370000049800 | geoshape-nrct-poi:370000054000 | geoshape-nrct-poi:370000057900 | geoshape-nrct-poi:370000058500 | geoshape-nrct-poi:370000062100 | geoshape-nrct-poi:370000067100 | geoshape-nrct-poi:370000071400","徳島県 板野郡板野町 下庄字栖養65番地 | 徳島県 板野郡板野町 矢武字鏡松矢武2番地 | 徳島県 吉野川市 鴨島町牛島1002番地 | 徳島県 那賀郡那賀町 和食郷字八幡原150番地 | 徳島県 美馬市 穴吹町穴吹字楠ノ本21番地 | 徳島県 美馬市 穴吹町三島字三谷876番地 | 徳島県 那賀郡那賀町 和食郷字八幡原150番地 | 徳島県 名東郡佐那河内村 下字高樋79番地 | 徳島県 名東郡佐那河内村 下字高樋79番地","Different historical provider entries share an estimated coordinate; same name/address/point does not establish an alias.",""
"ja:徳島県:地蔵寺","KEEP_SEPARATE_DISTINCT_SOURCE_LOCATIONS","false","candidate:B_V1_PROPOSED:60424 | geoshape-nrct-poi:370000024900","所在地：徳島県板野郡板野町羅漢字林東5 電話：088-672-4111 | 徳島県 徳島市 金沢二丁目5番81号","Source identities have different locality/address evidence. Retain separate candidates; this is not current existence or navigation certification.",""
"ja:徳島県:安楽寺","HOLD_SOURCE_IDENTITY_AMBIGUITY","true","geoshape-nrct-poi:370000026800 | geoshape-nrct-poi:370000061300","徳島県 板野郡上板町 引野字寺ノ西北8番地 | 徳島県 板野郡上板町 引野字寺ノ西北8番地","Different historical provider entries share an estimated coordinate; same name/address/point does not establish an alias.",""
"ja:徳島県:法輪寺","MERGED_SUPPORTED","false","geoshape-nrct-poi:370000029900","徳島県 阿波市 土成町土成字田中土成町土成198番地の2 / 所在地：徳島県阿波市土成町土成字田中198-2 電話：088-695-2080","All baseline members now belong to one explicit evidence-backed candidate group; no Master Code allocated.",""
"ja:徳島県:葛城神社","KEEP_SEPARATE_DISTINCT_SOURCE_LOCATIONS","false","geoshape-nrct-poi:370000037300 | geoshape-nrct-poi:370000039300","徳島県 鳴門市 北灘町粟田字池谷2番地 | 徳島県 鳴門市 大麻町姫田大森大麻町姫田字1番地","Source identities have different locality/address evidence. Retain separate candidates; this is not current existence or navigation certification.",""
"ja:徳島県:金泉寺","MERGED_SUPPORTED","false","geoshape-nrct-poi:370000022000","徳島県 板野郡板野町 大寺字亀山下66番地 / 所在地：徳島県板野郡板野町大字亀山下66 電話：088-672-1087","All baseline members now belong to one explicit evidence-backed candidate group; no Master Code allocated.",""
"ja:徳島県:霊山寺","HOLD_CROSS_SOURCE_LOCATION_CONFLICT","true","candidate:B_V1_PROPOSED:60149 | geoshape-nrct-poi:370000042300","所在地：徳島県鳴門市大麻町板東塚鼻126 電話：088-689-1111 | 徳島県 鳴門市 大麻町板東字鍛治屋川大麻町板東52番地","Primary/locality evidence conflicts with the retained house number, neighborhood or historical point. Preserve source identities separately; do not invent an address correction or assert an alias.",""
"ja:愛媛県:一宮神社","HOLD_SOURCE_IDENTITY_AMBIGUITY","true","geoshape-nrct-poi:390000017400 | geoshape-nrct-poi:390000034700","愛媛県 八幡浜市 合田字ムカイヨリ703番地 | 愛媛県 八幡浜市 合田字ムカイヨリ703番地","Different historical provider entries share an estimated coordinate; same name/address/point does not establish an alias.",""
"ja:愛媛県:三島神社","HOLD_SOURCE_IDENTITY_AMBIGUITY","true","geoshape-nrct-poi:390000029000 | geoshape-nrct-poi:390000048200","愛媛県 松山市 吉藤一丁目2番25号 | 愛媛県 松山市 吉藤一丁目2番25号","Different historical provider entries share an estimated coordinate; same name/address/point does not establish an alias.",""
"ja:愛媛県:八雲神社","HOLD_ADDRESS_COORDINATE_CONTRADICTION","true","geoshape-nrct-poi:390000018900 | geoshape-nrct-poi:390000054800","愛媛県 西条市 丹原町高松乙58番地 | 愛媛県 西条市 丹原町高松乙58番地","Same retained address is attached to different historical points. Do not merge or silently correct source geography.",""
"ja:愛媛県:宝寿寺","KEEP_SEPARATE_DISTINCT_SOURCE_LOCATIONS","false","candidate:B_V1_PROPOSED:60480 | geoshape-nrct-poi:390000048300","所在地：愛媛県西条市小松町新屋敷甲428 電話：0898-72-2210 | 愛媛県 今治市 中寺45番地","Source identities have different locality/address evidence. Retain separate candidates; this is not current existence or navigation certification.",""
"ja:愛媛県:延命寺","KEEP_SEPARATE_DISTINCT_SOURCE_LOCATIONS","false","candidate:B_V1_PROPOSED:60472 | geoshape-nrct-poi:390000019200","所在地：愛媛県今治市阿方甲636 電話：0898-22-5696 | 愛媛県 南宇和郡愛南町 御荘平山547番地","Source identities have different locality/address evidence. Retain separate candidates; this is not current existence or navigation certification.",""
"ja:愛媛県:松尾城跡","KEEP_SEPARATE_DISTINCT_SOURCE_LOCATIONS","false","geoshape-nrct-poi:390000029800 | geoshape-nrct-poi:390000050300","愛媛県 四国中央市 中曽根町 | 愛媛県 西条市 小松町安井","Source identities have different locality/address evidence. Retain separate candidates; this is not current existence or navigation certification.",""
"ja:愛知県:八幡社","KEEP_SEPARATE_DISTINCT_SOURCE_LOCATIONS","false","geoshape-nrct-poi:230000017800 | geoshape-nrct-poi:230000074000","愛知県 日進市 折戸町寺脇123番地 | 愛知県 名古屋市 千種区千種二丁目18番14号","Source identities have different locality/address evidence. Retain separate candidates; this is not current existence or navigation certification.",""
"ja:愛知県:円盛寺","HOLD_SOURCE_IDENTITY_AMBIGUITY","true","geoshape-nrct-poi:230000017300 | geoshape-nrct-poi:230000092800","愛知県 愛知郡東郷町 大字春木中通屋敷1284番地 | 愛知県 愛知郡東郷町 大字春木中通屋敷1284番地","Different historical provider entries share an estimated coordinate; same name/address/point does not establish an alias.",""
"ja:愛知県:円福寺","KEEP_SEPARATE_DISTINCT_SOURCE_LOCATIONS","false","geoshape-nrct-poi:230000047500 | geoshape-nrct-poi:230000083400","愛知県 岡崎市 岩津町字檀ノ上岩津町85番地 | 愛知県 名古屋市 熱田区神戸町301番地","Source identities have different locality/address evidence. Retain separate candidates; this is not current existence or navigation certification.",""
"ja:愛知県:別小江神社","MERGED_SUPPORTED","false","geoshape-nrct-poi:230000037900","愛知県 名古屋市 北区安井四丁目14番14号","All baseline members now belong to one explicit evidence-backed candidate group; no Master Code allocated.","https://aichinow.pref.aichi.jp/spots/detail/3903/"
"ja:愛知県:名古屋城","MERGED_SUPPORTED","false","geoshape-nrct-poi:230000054600","1-1 Honmaru, Naka-ku, Nagoya-shi, Aichi-ken / 愛知県 名古屋市中区 本丸","All baseline members now belong to one explicit evidence-backed candidate group; no Master Code allocated.",""
"ja:愛知県:神明社","KEEP_SEPARATE_DISTINCT_SOURCE_LOCATIONS","false","geoshape-nrct-poi:230000028500 | geoshape-nrct-poi:230000100000","愛知県 名古屋市 中村区名駅五丁目13番6号 | 愛知県 名古屋市 南区豊田町字戸部下河原2087番地","Source identities have different locality/address evidence. Retain separate candidates; this is not current existence or navigation certification.",""
"ja:愛知県:聖徳寺","HOLD_SOURCE_IDENTITY_AMBIGUITY","true","geoshape-nrct-poi:230000037500 | geoshape-nrct-poi:230000064400 | geoshape-nrct-poi:230000084000","愛知県 名古屋市 名東区平和が丘四丁目300番地 | 愛知県 名古屋市 名東区平和が丘四丁目300番地 | 愛知県 名古屋市 熱田区大瀬子町702番地","Different historical provider entries share an estimated coordinate; same name/address/point does not establish an alias.",""
"ja:愛知県:観音寺","KEEP_SEPARATE_DISTINCT_SOURCE_LOCATIONS","false","geoshape-nrct-poi:230000016300 | geoshape-nrct-poi:230000046400 | geoshape-nrct-poi:230000091100","愛知県 愛知郡東郷町 大字諸輪字観音畑大字諸輪8番地 | 愛知県 名古屋市 中川区露橋町8番地 | 愛知県 名古屋市 中川区荒子町字宮窓138番地","Source identities have different locality/address evidence. Retain separate candidates; this is not current existence or navigation certification.",""
"ja:愛知県:長久手古戦場","HOLD_CROSS_SOURCE_LOCATION_CONFLICT","true","candidate:B_V1_PROPOSED:60026 | geoshape-nrct-poi:230000020400","Hotokegane, Nagakute-shi, Aichi-ken | 愛知県 長久手市 横道","Primary/locality evidence conflicts with the retained house number, neighborhood or historical point. Preserve source identities separately; do not invent an address correction or assert an alias.",""
"ja:愛知県:高牟神社","HOLD_SOURCE_IDENTITY_AMBIGUITY","true","geoshape-nrct-poi:230000027100 | geoshape-nrct-poi:230000102600","愛知県 名古屋市 守山区瀬古東一丁目630番地 | 愛知県 名古屋市 守山区瀬古東一丁目630番地","Different historical provider entries share an estimated coordinate; same name/address/point does not establish an alias.",""
"ja:新潟県:青海神社","KEEP_SEPARATE_DISTINCT_SOURCE_LOCATIONS","false","candidate:B-SNS-20260915-R04-020 | geoshape-nrct-poi:150000010900","新潟県加茂市大字加茂字宮山229番地 | 新潟県 糸魚川市 大字青海762番地","Source identities have different locality/address evidence. Retain separate candidates; this is not current existence or navigation certification.",""
"ja:新潟県:高田城跡","MERGED_SUPPORTED","false","geoshape-nrct-poi:150000104600","6-1 Motoshiro-cho, Joetsu-shi, Niigata-ken / 新潟県 上越市 本城町","All baseline members now belong to one explicit evidence-backed candidate group; no Master Code allocated.",""
"ja:東京都:北野神社","KEEP_SEPARATE_DISTINCT_SOURCE_LOCATIONS","false","candidate:B-SNS-20260915-R03-127 | geoshape-nrct-poi:130000191500","東京都文京区春日1-5-2 | 東京都 中野区 新井四丁目14番3号","Source identities have different locality/address evidence. Retain separate candidates; this is not current existence or navigation certification.",""
"ja:東京都:増上寺","MERGED_SUPPORTED","false","geoshape-nrct-poi:130000122900","4-7-35 Shibakoen, Minato-ku, Tokyo-to / 東京都 港区 芝公園四丁目7番","All baseline members now belong to one explicit evidence-backed candidate group; no Master Code allocated.",""
"ja:東京都:日枝神社","KEEP_SEPARATE_DISTINCT_SOURCE_LOCATIONS","false","candidate:B_V1_PROPOSED:60276 | geoshape-nrct-poi:130000031400","2-10-5 Nagata-cho, Chiyoda-ku, Tokyo-to | 東京都 八王子市 美山町245番地","Source identities have different locality/address evidence. Retain separate candidates; this is not current existence or navigation certification.",""
"ja:東京都:靖国神社","MERGED_SUPPORTED","false","geoshape-nrct-poi:130000036600","東京都 千代田区 九段北三丁目1番","All baseline members now belong to one explicit evidence-backed candidate group; no Master Code allocated.","https://www.yasukuni.or.jp/access.html?id=vehicle"
"ja:沖縄県:ひめゆりの塔","MERGED_SUPPORTED","false","geoshape-nrct-poi:480000051000","671-1 Azaihara, Itoman-shi, Okinawa-ken / 沖縄県 糸満市 字伊原","All baseline members now belong to one explicit evidence-backed candidate group; no Master Code allocated.",""
"ja:沖縄県:斎場御嶽","MERGED_SUPPORTED","false","geoshape-nrct-poi:480000063900","沖縄県 南城市 知念字久手堅","All baseline members now belong to one explicit evidence-backed candidate group; no Master Code allocated.","https://www.okinawastory.jp/spot/1395"
"ja:沖縄県:玉陵","MERGED_SUPPORTED","false","geoshape-nrct-poi:480000019800","沖縄県 那覇市 首里金城町一丁目","All baseline members now belong to one explicit evidence-backed candidate group; no Master Code allocated.","https://www.city.naha.okinawa.jp/shisetsu/reisure/1007835/1003522.html"
"ja:滋賀県:安養寺","KEEP_SEPARATE_DISTINCT_SOURCE_LOCATIONS","false","geoshape-nrct-poi:250000078400 | geoshape-nrct-poi:250000089300","滋賀県 大津市 神領三丁目5番36号 | 滋賀県 栗東市 安養寺六丁目5番10号","Source identities have different locality/address evidence. Retain separate candidates; this is not current existence or navigation certification.",""
"ja:滋賀県:建部大社","MERGED_SUPPORTED","false","geoshape-nrct-poi:250000080300","滋賀県 大津市 神領一丁目16番 / 滋賀県大津市神領1丁目16-1","All baseline members now belong to one explicit evidence-backed candidate group; no Master Code allocated.",""
"ja:滋賀県:日吉大社","MERGED_SUPPORTED","false","geoshape-nrct-poi:250000059600","滋賀県 大津市 坂本五丁目1番1号","All baseline members now belong to one explicit evidence-backed candidate group; no Master Code allocated.","https://www.biwako-visitors.jp/spot/detail/84/"
"ja:滋賀県:石山寺","HOLD_CROSS_SOURCE_LOCATION_CONFLICT","true","candidate:B_V1_PROPOSED:60324 | geoshape-nrct-poi:250000076800","1-1-1-1 Ishiyamadera, Otsu-shi, Shiga-ken | 滋賀県 大津市 螢谷5番1号","Primary/locality evidence conflicts with the retained house number, neighborhood or historical point. Preserve source identities separately; do not invent an address correction or assert an alias.",""
"ja:熊本県:長福寺跡","HOLD_SOURCE_IDENTITY_AMBIGUITY","true","geoshape-nrct-poi:440000040400 | geoshape-nrct-poi:440000060300","熊本県 山鹿市 鹿央町北谷 | 熊本県 山鹿市 鹿央町北谷","Different historical provider entries share an estimated coordinate; same name/address/point does not establish an alias.",""
"ja:石川県:白山比咩神社","KEEP_SEPARATE_DISTINCT_SOURCE_LOCATIONS","false","candidate:B_V1_PROPOSED:60528 | geoshape-nrct-poi:170000085500"," | 石川県 鹿島郡中能登町 能登部下壱弐能登部下五甲部29番地","Source identities have different locality/address evidence. Retain separate candidates; this is not current existence or navigation certification.","https://www.shirayama.or.jp/about/"
"ja:石川県:那谷寺","MERGED_SUPPORTED","false","geoshape-nrct-poi:170000074400","石川県 小松市 那谷町ユ122番地","All baseline members now belong to one explicit evidence-backed candidate group; no Master Code allocated.","https://www.ishikawatravel.jp/en/spots/natadera-temple/"
"ja:石川県:願成寺","HOLD_ADDRESS_COORDINATE_CONTRADICTION","true","geoshape-nrct-poi:170000019400 | geoshape-nrct-poi:170000033200","石川県 小松市 島町リ島町136番地 | 石川県 小松市 島町リ島町136番地","Same retained address is attached to different historical points. Do not merge or silently correct source geography.",""
"ja:神奈川県:稲毛神社","MERGED_SUPPORTED","false","geoshape-nrct-poi:140000012300","神奈川県 川崎市 川崎区宮本町7番地 / 神奈川県川崎市川崎区宮本町7-7","All baseline members now belong to one explicit evidence-backed candidate group; no Master Code allocated.",""
"ja:福井県:春日神社","HOLD_ADDRESS_COORDINATE_CONTRADICTION","true","geoshape-nrct-poi:180000046600 | geoshape-nrct-poi:180000052300 | geoshape-nrct-poi:180000056600 | geoshape-nrct-poi:180000064400 | geoshape-nrct-poi:180000064800","福井県 坂井市 三国町新保18番地 | 福井県 福井市 菖蒲谷町47号17番地 | 福井県 福井市 菖蒲谷町47号17番地 | 福井県 坂井市 坂井町東荒井13号13番地 | 福井県 坂井市 坂井町下兵庫25番地","Same retained address is attached to different historical points. Do not merge or silently correct source geography.",""
"ja:福岡県:円清寺","HOLD_SOURCE_IDENTITY_AMBIGUITY","true","geoshape-nrct-poi:410000055500 | geoshape-nrct-poi:410000097800","福岡県 朝倉市 杷木志波5277番地 | 福岡県 朝倉市 杷木志波5277番地","Different historical provider entries share an estimated coordinate; same name/address/point does not establish an alias.",""
"ja:福岡県:宮地嶽神社","KEEP_SEPARATE_DISTINCT_SOURCE_LOCATIONS","false","candidate:B_V1_PROPOSED:60584 | geoshape-nrct-poi:410000114000"," | 福岡県 朝倉市 杷木松末932番地","Source identities have different locality/address evidence. Retain separate candidates; this is not current existence or navigation certification.","https://www.crossroadfukuoka.jp/spot/10236"
"ja:福岡県:日吉神社","HOLD_SOURCE_IDENTITY_AMBIGUITY","true","geoshape-nrct-poi:410000063200 | geoshape-nrct-poi:410000065900","福岡県 福岡市 早良区大字脇山2895番地 | 福岡県 福岡市 早良区大字脇山2895番地","Different historical provider entries share an estimated coordinate; same name/address/point does not establish an alias.",""
"ja:福岡県:美奈宜神社","HOLD_SOURCE_IDENTITY_AMBIGUITY","true","geoshape-nrct-poi:410000110200 | geoshape-nrct-poi:410000112300","福岡県 朝倉市 荷原2421番地 | 福岡県 朝倉市 荷原2421番地","Different historical provider entries share an estimated coordinate; same name/address/point does not establish an alias.",""
"ja:福岡県:須賀神社","HOLD_SOURCE_IDENTITY_AMBIGUITY","true","geoshape-nrct-poi:410000066900 | geoshape-nrct-poi:410000107000","福岡県 福岡市 早良区田村三丁目18番6号 | 福岡県 福岡市 早良区田村三丁目18番6号","Different historical provider entries share an estimated coordinate; same name/address/point does not establish an alias.",""
"ja:福岡県:鷹見神社","HOLD_ADDRESS_COORDINATE_CONTRADICTION","true","geoshape-nrct-poi:410000046400 | geoshape-nrct-poi:410000047600","福岡県 遠賀郡水巻町 猪熊大字786番地 | 福岡県 遠賀郡水巻町 猪熊大字786番地","Same retained address is attached to different historical points. Do not merge or silently correct source geography.",""
"ja:福島県:温泉神社","KEEP_SEPARATE_DISTINCT_SOURCE_LOCATIONS","false","candidate:B-SNS-20260915-R02-163 | geoshape-nrct-poi:070000037700","福島県いわき市常磐湯本町三函322 | 福島県 郡山市三穂田町山口 字温泉三穂田町山口山1番12","Source identities have different locality/address evidence. Retain separate candidates; this is not current existence or navigation certification.",""
"ja:福島県:熊野神社","KEEP_SEPARATE_DISTINCT_SOURCE_LOCATIONS","false","candidate:B-SNS-20260915-R02-035 | candidate:B-SNS-20260915-R09-006 | geoshape-nrct-poi:070000029100","福島県いわき市常磐藤原町藤代172 | 福島県いわき市遠野町大平字物見岡90 | 福島県 福島市 下飯坂字熊野15番地","Source identities have different locality/address evidence. Retain separate candidates; this is not current existence or navigation certification.",""
"ja:福島県:長福寺","KEEP_SEPARATE_DISTINCT_SOURCE_LOCATIONS","false","geoshape-nrct-poi:070000055900 | geoshape-nrct-poi:070000062600","福島県 いわき市 小川町下小川上ノ台120番地 | 福島県 双葉郡川内村 大字上川内字三合田29番地","Source identities have different locality/address evidence. Retain separate candidates; this is not current existence or navigation certification.",""
"ja:秋田県:八幡神社","KEEP_SEPARATE_DISTINCT_SOURCE_LOCATIONS","false","geoshape-nrct-poi:050000038700 | geoshape-nrct-poi:050000070400 | geoshape-nrct-poi:050000093200 | geoshape-nrct-poi:050000105100","秋田県 由利本荘市 谷地町50番地 | 秋田県 横手市 雄物川町沼館字沼館25番地 | 秋田県 大仙市 鑓見内幕林鑓見内字143番地 | 秋田県 秋田市 雄和田草川字本田151番地","Source identities have different locality/address evidence. Retain separate candidates; this is not current existence or navigation certification.",""
"ja:秋田県:新山神社","KEEP_SEPARATE_DISTINCT_SOURCE_LOCATIONS","false","geoshape-nrct-poi:050000031800 | geoshape-nrct-poi:050000041100","秋田県 由利本荘市 大内三川字川端273番地 | 秋田県 由利本荘市 石脇字東山4番地","Source identities have different locality/address evidence. Retain separate candidates; this is not current existence or navigation certification.",""
"ja:秋田県:熊野神社","KEEP_SEPARATE_DISTINCT_SOURCE_LOCATIONS","false","geoshape-nrct-poi:050000054700 | geoshape-nrct-poi:050000081400 | geoshape-nrct-poi:050000087500","秋田県 秋田市 下北手柳館字細谷沢下北手柳舘91番地 | 秋田県 横手市 明永町10番1号 | 秋田県 仙北郡美郷町 六郷字米町六郷27、28、29番地","Source identities have different locality/address evidence. Retain separate candidates; this is not current existence or navigation certification.",""
"ja:秋田県:神明社","KEEP_SEPARATE_DISTINCT_SOURCE_LOCATIONS","false","geoshape-nrct-poi:050000059300 | geoshape-nrct-poi:050000079600","秋田県 秋田市 四ッ小屋四ツ小屋字舘野103番の1 | 秋田県 横手市 神明町7番","Source identities have different locality/address evidence. Retain separate candidates; this is not current existence or navigation certification.",""
"ja:秋田県:諏訪神社","HOLD_ADDRESS_COORDINATE_CONTRADICTION","true","geoshape-nrct-poi:050000087700 | geoshape-nrct-poi:050000110600","秋田県 南秋田郡八郎潟町 夜又袋字一向堂17番地 | 秋田県 南秋田郡八郎潟町 夜又袋字一向堂17番地","Same retained address is attached to different historical points. Do not merge or silently correct source geography.",""
"ja:群馬県:榛名神社","KEEP_SEPARATE_DISTINCT_SOURCE_LOCATIONS","false","candidate:B-SNS-20260915-R03-079 | candidate:B_V1_PROPOSED:60548","群馬県沼田市榛名町2851 | ","Source identities have different locality/address evidence. Retain separate candidates; this is not current existence or navigation certification.","https://gunma-kanko.jp/spots/673"
"ja:茨城県:熊野神社","KEEP_SEPARATE_DISTINCT_SOURCE_LOCATIONS","false","geoshape-nrct-poi:080000048800 | geoshape-nrct-poi:080000062600","茨城県 ひたちなか市 大字金上773番地 | 茨城県 常陸太田市 常福地町946番地","Source identities have different locality/address evidence. Retain separate candidates; this is not current existence or navigation certification.",""
"ja:茨城県:王子神社","KEEP_SEPARATE_DISTINCT_SOURCE_LOCATIONS","false","geoshape-nrct-poi:080000030200 | geoshape-nrct-poi:080000031900","茨城県 北茨城市 磯原町木皿823番地 | 茨城県 北茨城市 中郷町日棚8番地","Source identities have different locality/address evidence. Retain separate candidates; this is not current existence or navigation certification.",""
"ja:茨城県:諏訪神社","HOLD_ADDRESS_COORDINATE_CONTRADICTION","true","geoshape-nrct-poi:080000039300 | geoshape-nrct-poi:080000045000","茨城県 北茨城市 関本町才丸526番地 | 茨城県 北茨城市 関本町才丸526番地","Same retained address is attached to different historical points. Do not merge or silently correct source geography.",""
"ja:茨城県:長福寺","KEEP_SEPARATE_DISTINCT_SOURCE_LOCATIONS","false","geoshape-nrct-poi:080000030600 | geoshape-nrct-poi:080000050700","茨城県 北茨城市 磯原町大塚135番地 | 茨城県 かすみがうら市 下軽部289番地","Source identities have different locality/address evidence. Retain separate candidates; this is not current existence or navigation certification.",""
"ja:茨城県:鹿島神社","KEEP_SEPARATE_DISTINCT_SOURCE_LOCATIONS","false","geoshape-nrct-poi:080000030900 | geoshape-nrct-poi:080000039600","茨城県 北茨城市 中郷町上桜井848番地 | 茨城県 東茨城郡城里町 大字勝見沢87番地","Source identities have different locality/address evidence. Retain separate candidates; this is not current existence or navigation certification.",""
"ja:長崎県:八幡神社","KEEP_SEPARATE_DISTINCT_SOURCE_LOCATIONS","false","candidate:B-SNS-20260915-R07-007 | geoshape-nrct-poi:430000069800 | geoshape-nrct-poi:430000081800","長崎県五島市下大津町631～635 | 長崎県 東彼杵郡川棚町 石木郷351番地 | 長崎県 大村市 松原本町316番地","Source identities have different locality/address evidence. Retain separate candidates; this is not current existence or navigation certification.",""
"ja:長崎県:大村館跡","KEEP_SEPARATE_DISTINCT_SOURCE_LOCATIONS","false","geoshape-nrct-poi:430000064500 | geoshape-nrct-poi:430000079000","長崎県 西海市 西海町横瀬郷 | 長崎県 大村市 乾馬場町","Source identities have different locality/address evidence. Retain separate candidates; this is not current existence or navigation certification.",""
"ja:長崎県:大浦天主堂","MERGED_SUPPORTED","false","geoshape-nrct-poi:430000032800","長崎県 長崎市 南山手町","All baseline members now belong to one explicit evidence-backed candidate group; no Master Code allocated.","https://www.nagasaki-tabinet.com/junrei/102"
"ja:長崎県:諏訪神社","KEEP_SEPARATE_DISTINCT_SOURCE_LOCATIONS","false","geoshape-nrct-poi:430000032600 | geoshape-nrct-poi:430000034800","長崎県 長崎市 相生町10番1号 | 18-15 Kaminishiyama-machi, Nagasaki-shi, Nagasaki-ken / 長崎県 長崎市 上西山町18番15号","Source identities have different locality/address evidence. Retain separate candidates; this is not current existence or navigation certification.",""
"ja:長野県:子檀嶺神社","HOLD_SOURCE_IDENTITY_AMBIGUITY","true","geoshape-nrct-poi:200000066000 | geoshape-nrct-poi:200000075100","長野県 上田市 武石小沢根230番地 | 長野県 上田市 武石小沢根230番地","Different historical provider entries share an estimated coordinate; same name/address/point does not establish an alias.",""
"ja:長野県:安養寺","KEEP_SEPARATE_DISTINCT_SOURCE_LOCATIONS","false","geoshape-nrct-poi:200000027800 | geoshape-nrct-poi:200000155400","長野県 佐久市 大字安原安原98番地 | 長野県 下伊那郡高森町 下市田1092番地","Source identities have different locality/address evidence. Retain separate candidates; this is not current existence or navigation certification.",""
"ja:長野県:山家神社","MERGED_SUPPORTED","false","geoshape-nrct-poi:200000061300","長野県 上田市 真田町長4473番地 / 長野県上田市真田町長","All baseline members now belong to one explicit evidence-backed candidate group; no Master Code allocated.",""
"ja:長野県:手長神社","MERGED_SUPPORTED","false","geoshape-nrct-poi:200000110500","長野県 諏訪市 大字上諏訪9556番地 / 長野県諏訪市上諏訪茶臼山9556","All baseline members now belong to one explicit evidence-backed candidate group; no Master Code allocated.",""
"ja:長野県:春日城跡","KEEP_SEPARATE_DISTINCT_SOURCE_LOCATIONS","false","geoshape-nrct-poi:200000045700 | geoshape-nrct-poi:200000144000","長野県 佐久市 望月 | 長野県 伊那市 西町","Source identities have different locality/address evidence. Retain separate candidates; this is not current existence or navigation certification.",""
"ja:長野県:生島足島神社","MERGED_SUPPORTED","false","geoshape-nrct-poi:200000091300","長野県 上田市 下之郷701番地 / 長野県上田市下之郷字中池西701","All baseline members now belong to one explicit evidence-backed candidate group; no Master Code allocated.",""
"ja:長野県:白鳥神社","KEEP_SEPARATE_DISTINCT_SOURCE_LOCATIONS","false","candidate:B-SNS-20260915-R04-064 | geoshape-nrct-poi:200000057300","長野県東御市本海野1116 | 長野県 長野市 松代町西条字東六工3674番地","Source identities have different locality/address evidence. Retain separate candidates; this is not current existence or navigation certification.",""
"ja:長野県:諏訪大社上社本宮","MERGED_SUPPORTED","false","geoshape-nrct-poi:200000109500","長野県 諏訪市 大字中洲","All baseline members now belong to one explicit evidence-backed candidate group; no Master Code allocated.","https://suwataisha.or.jp/about/miyamori/kamishahonmiya/"
"ja:長野県:諏訪神社","HOLD_ADDRESS_COORDINATE_CONTRADICTION","true","geoshape-nrct-poi:200000017600 | geoshape-nrct-poi:200000018800 | geoshape-nrct-poi:200000127600 | geoshape-nrct-poi:200000137400","長野県 長野市 上駒沢大字字宮下1239番地 | 長野県 長野市 上駒沢大字字宮下1239番地 | 長野県 長野市 上駒沢大字字宮下1239番地 | 長野県 長野市 上駒沢大字字宮下1239番地","Same retained address is attached to different historical points. Do not merge or silently correct source geography.",""
"ja:長野県:長命寺","HOLD_SOURCE_IDENTITY_AMBIGUITY","true","geoshape-nrct-poi:200000035000 | geoshape-nrct-poi:200000057800","長野県 長野市 大字南堀346番地 | 長野県 長野市 大字南堀346番地","Different historical provider entries share an estimated coordinate; same name/address/point does not establish an alias.",""
"ja:長野県:高島城","MERGED_SUPPORTED","false","geoshape-nrct-poi:200000110000","1-20-1 Takashima, Suwa-shi, Nagano-ken / 長野県 諏訪市 高島一丁目","All baseline members now belong to one explicit evidence-backed candidate group; no Master Code allocated.",""
"ja:青森県:三嶽神社","KEEP_SEPARATE_DISTINCT_SOURCE_LOCATIONS","false","geoshape-nrct-poi:020000013900 | geoshape-nrct-poi:020000017200 | geoshape-nrct-poi:020000017600","青森県 三戸郡三戸町 大字貝守字林ノ後60番地 | 青森県 三戸郡新郷村 大字戸来字三嶽下15番地 | 青森県 三戸郡新郷村 大字西越字林ノ前62番地2","Source identities have different locality/address evidence. Retain separate candidates; this is not current existence or navigation certification.",""
"ja:青森県:三戸大神宮","HOLD_CROSS_SOURCE_LOCATION_CONFLICT","true","candidate:B-SNS-20260915-R09-100 | geoshape-nrct-poi:020000011200","青森県三戸郡三戸町同心町字諏訪内４４ | 青森県 三戸郡三戸町 大字同心町字諏訪内46番地","Primary/locality evidence conflicts with the retained house number, neighborhood or historical point. Preserve source identities separately; do not invent an address correction or assert an alias.",""
"ja:青森県:八幡宮","KEEP_SEPARATE_DISTINCT_SOURCE_LOCATIONS","false","geoshape-nrct-poi:020000015100 | geoshape-nrct-poi:020000019700 | geoshape-nrct-poi:020000022200","青森県 つがる市 柏桑野木田八幡117番地 | 青森県 三戸郡五戸町 大字浅水字浅水70番地 | 青森県 三戸郡五戸町 字根岸10番地","Source identities have different locality/address evidence. Retain separate candidates; this is not current existence or navigation certification.",""
"ja:青森県:熊野神社","HOLD_ADDRESS_COORDINATE_CONTRADICTION","true","geoshape-nrct-poi:020000011600 | geoshape-nrct-poi:020000013600 | geoshape-nrct-poi:020000016900","青森県 むつ市 新町50番2号 | 青森県 三戸郡三戸町 大字川守田字東張渡大字川守田56番地 | 青森県 むつ市 新町50番2号","Same retained address is attached to different historical points. Do not merge or silently correct source geography.",""
"ja:青森県:諏訪神社","KEEP_SEPARATE_DISTINCT_SOURCE_LOCATIONS","false","geoshape-nrct-poi:020000016100 | geoshape-nrct-poi:020000023600 | geoshape-nrct-poi:020000024800","青森県 三戸郡南部町 大字玉掛字諏訪ノ平49番地1 | 青森県 三戸郡南部町 大字高瀬字宮野38番地 | 青森県 三戸郡南部町 大字剣吉字上町44番地1","Source identities have different locality/address evidence. Retain separate candidates; this is not current existence or navigation certification.",""
"ja:静岡県:三嶋大社","MERGED_SUPPORTED","false","geoshape-nrct-poi:220000019800","静岡県 三島市 大宮町二丁目1番5号","All baseline members now belong to one explicit evidence-backed candidate group; no Master Code allocated.","https://hellonavi.jp/spot/1379"
"ja:静岡県:久能山東照宮","HOLD_CROSS_SOURCE_LOCATION_CONFLICT","true","candidate:B_V1_PROPOSED:60121 | geoshape-nrct-poi:220000203100","390 Negoya, Suruga-ku, Shizuoka-shi, Shizuoka-ken | 静岡県 駿東郡長泉町 元長窪717番地2","Primary/locality evidence conflicts with the retained house number, neighborhood or historical point. Preserve source identities separately; do not invent an address correction or assert an alias.",""
"ja:静岡県:修禅寺","MERGED_SUPPORTED","false","geoshape-nrct-poi:220000044300","Shuzenji, Izu-shi, Shizuoka-ken / 静岡県 伊豆市 修善寺964番地","All baseline members now belong to one explicit evidence-backed candidate group; no Master Code allocated.",""
"ja:静岡県:八幡神社","HOLD_SOURCE_IDENTITY_AMBIGUITY","true","geoshape-nrct-poi:220000068000 | geoshape-nrct-poi:220000203500 | geoshape-nrct-poi:220000230300","静岡県 静岡市 駿河区鎌田382番地 | 静岡県 静岡市 駿河区鎌田382番地 | 静岡県 藤枝市 花倉336番地","Different historical provider entries share an estimated coordinate; same name/address/point does not establish an alias.",""
"ja:静岡県:富知六所浅間神社","MERGED_SUPPORTED","false","geoshape-nrct-poi:220000123700","静岡県 富士市 浅間本町5番 / 静岡県富士市浅間本町5-1","All baseline members now belong to one explicit evidence-backed candidate group; no Master Code allocated.",""
"ja:静岡県:日枝神社","KEEP_SEPARATE_DISTINCT_SOURCE_LOCATIONS","false","geoshape-nrct-poi:220000071600 | geoshape-nrct-poi:220000097300","静岡県 下田市 箕作315番地 | 静岡県 沼津市 平町7番24号","Source identities have different locality/address evidence. Retain separate candidates; this is not current existence or navigation certification.",""
"ja:静岡県:浅間神社","KEEP_SEPARATE_DISTINCT_SOURCE_LOCATIONS","false","geoshape-nrct-poi:220000109800 | geoshape-nrct-poi:220000114600","静岡県 裾野市 茶畑756番地 | 静岡県 静岡市 葵区柚木692番地","Source identities have different locality/address evidence. Retain separate candidates; this is not current existence or navigation certification.",""
"ja:静岡県:清水寺","KEEP_SEPARATE_DISTINCT_SOURCE_LOCATIONS","false","geoshape-nrct-poi:220000203300 | geoshape-nrct-poi:220000224800","静岡県 静岡市 葵区音羽町27番8号 | 静岡県 藤枝市 原6番地","Source identities have different locality/address evidence. Retain separate candidates; this is not current existence or navigation certification.",""
"ja:静岡県:玉泉寺","HOLD_CROSS_SOURCE_LOCATION_CONFLICT","true","candidate:B_V1_PROPOSED:60280 | geoshape-nrct-poi:220000068700","31-6 Kakisaki, Shimoda-shi, Shizuoka-ken | 静岡県 下田市 柿崎135番地","Primary/locality evidence conflicts with the retained house number, neighborhood or historical point. Preserve source identities separately; do not invent an address correction or assert an alias.",""
"ja:静岡県:登呂遺跡","MERGED_SUPPORTED","false","geoshape-nrct-poi:220000201300","静岡県 静岡市駿河区 登呂五丁目","All baseline members now belong to one explicit evidence-backed candidate group; no Master Code allocated.","https://hellonavi.jp/spot/1207"
"ja:静岡県:白羽神社","MERGED_SUPPORTED","false","geoshape-nrct-poi:220000256100","静岡県 御前崎市 白羽3511番地 / 静岡県御前崎市白羽","All baseline members now belong to one explicit evidence-backed candidate group; no Master Code allocated.",""
"ja:静岡県:長楽寺","HOLD_SOURCE_IDENTITY_AMBIGUITY","true","geoshape-nrct-poi:220000068300 | geoshape-nrct-poi:220000225400","静岡県 下田市 三丁目13番19号 | 静岡県 下田市 三丁目13番19号","Different historical provider entries share an estimated coordinate; same name/address/point does not establish an alias.",""
"ja:静岡県:霊山寺","KEEP_SEPARATE_DISTINCT_SOURCE_LOCATIONS","false","geoshape-nrct-poi:220000104200 | geoshape-nrct-poi:220000159300","静岡県 沼津市 本郷町25番37号 | 静岡県 静岡市 清水区大内539番地","Source identities have different locality/address evidence. Retain separate candidates; this is not current existence or navigation certification.",""
"ja:静岡県:韮山反射炉","MERGED_SUPPORTED","false","geoshape-nrct-poi:220000036900","静岡県 伊豆の国市 中","All baseline members now belong to one explicit evidence-backed candidate group; no Master Code allocated.","https://www.city.izunokuni.shizuoka.jp/bunka_bunkazai/manabi/bunkazai/hansyaro/documents/hansyarotoha.html"
"ja:静岡県:韮山城跡","MERGED_SUPPORTED","false","geoshape-nrct-poi:220000033100","438-3 Nirayamanirayama, Izunokuni-shi, Shizuoka-ken / 静岡県 伊豆の国市 韮山韮山","All baseline members now belong to one explicit evidence-backed candidate group; no Master Code allocated.",""
"ja:静岡県:駿府城跡","MERGED_SUPPORTED","false","geoshape-nrct-poi:220000168700","1-1 Sunpujokoen, Aoi-ku, Shizuoka-shi, Shizuoka-ken / 静岡県 静岡市葵区 駿府城公園","All baseline members now belong to one explicit evidence-backed candidate group; no Master Code allocated.",""
"ja:香川県:八幡神社","KEEP_SEPARATE_DISTINCT_SOURCE_LOCATIONS","false","geoshape-nrct-poi:380000046600 | geoshape-nrct-poi:380000067700","香川県 香川郡直島町 732番地 | 香川県 高松市 牟礼町原651番地","Source identities have different locality/address evidence. Retain separate candidates; this is not current existence or navigation certification.",""
"ja:香川県:多和神社","HOLD_SOURCE_IDENTITY_AMBIGUITY","true","geoshape-nrct-poi:380000034000 | geoshape-nrct-poi:380000037700","香川県 さぬき市 前山2451番地 | 香川県 さぬき市 前山2451番地","Different historical provider entries share an estimated coordinate; same name/address/point does not establish an alias.",""
"ja:香川県:極楽寺","KEEP_SEPARATE_DISTINCT_SOURCE_LOCATIONS","false","geoshape-nrct-poi:380000036500 | geoshape-nrct-poi:380000046500","香川県 さぬき市 長尾東1194番地 | 香川県 香川郡直島町 738番地","Source identities have different locality/address evidence. Retain separate candidates; this is not current existence or navigation certification.",""
"ja:香川県:石清水神社","HOLD_SOURCE_IDENTITY_AMBIGUITY","true","geoshape-nrct-poi:380000027300 | geoshape-nrct-poi:380000029100","香川県 さぬき市 津田町津田106番地 | 香川県 さぬき市 津田町津田106番地","Different historical provider entries share an estimated coordinate; same name/address/point does not establish an alias.",""
"ja:香川県:誉田神社","HOLD_SOURCE_IDENTITY_AMBIGUITY","true","geoshape-nrct-poi:380000021300 | geoshape-nrct-poi:380000026800","香川県 東かがわ市 横内307番地 | 香川県 東かがわ市 横内307番地","Different historical provider entries share an estimated coordinate; same name/address/point does not establish an alias.",""
"ja:高知県:大日寺","KEEP_SEPARATE_DISTINCT_SOURCE_LOCATIONS","false","geoshape-nrct-poi:400000024900 | geoshape-nrct-poi:400000055400","高知県 室戸市 佐喜浜町1733番地2 | 所在地：高知県香南市野市町母代寺476-1 電話：0887-56-0638 / 高知県 香南市 野市町母代寺476番地","Source identities have different locality/address evidence. Retain separate candidates; this is not current existence or navigation certification.",""
"ja:高知県:最御崎寺","MERGED_SUPPORTED","false","geoshape-nrct-poi:400000026100","所在地：高知県室戸市室戸岬町4058-1 電話：0887-23-0024 / 高知県 室戸市 室戸岬町4058番地","All baseline members now belong to one explicit evidence-backed candidate group; no Master Code allocated.",""
"ja:高知県:杉尾神社","KEEP_SEPARATE_DISTINCT_SOURCE_LOCATIONS","false","geoshape-nrct-poi:400000025800 | geoshape-nrct-poi:400000033700","高知県 室戸市 室戸岬町2756番地 | 高知県 安芸市 土居662番地","Source identities have different locality/address evidence. Retain separate candidates; this is not current existence or navigation certification.",""
"ja:高知県:津照寺","MERGED_SUPPORTED","false","geoshape-nrct-poi:400000026700","所在地：高知県室戸市室津2652-イ 電話：0887-23-0025 / 高知県 室戸市 室津2652番地","All baseline members now belong to one explicit evidence-backed candidate group; no Master Code allocated.",""
"ja:高知県:熊野神社","HOLD_SOURCE_IDENTITY_AMBIGUITY","true","geoshape-nrct-poi:400000010100 | geoshape-nrct-poi:400000021300 | geoshape-nrct-poi:400000021900 | geoshape-nrct-poi:400000054200","高知県 須崎市 浦ノ内福良369番地 | 高知県 須崎市 浦ノ内福良369番地 | 高知県 須崎市 浦ノ内福良369番地 | 高知県 須崎市 浦ノ内福良369番地","Different historical provider entries share an estimated coordinate; same name/address/point does not establish an alias.",""
"ja:鳥取県:観音院","HOLD_CROSS_SOURCE_LOCATION_CONFLICT","true","candidate:B_V1_PROPOSED:60275 | geoshape-nrct-poi:320000038600","162 Uemachi, Tottori-shi, Tottori-ken | 鳥取県 鳥取市 上町161番地","Primary/locality evidence conflicts with the retained house number, neighborhood or historical point. Preserve source identities separately; do not invent an address correction or assert an alias.",""
"ja:鳥取県:鳥取城跡","HOLD_CROSS_SOURCE_LOCATION_CONFLICT","true","candidate:B_V1_PROPOSED:60136 | geoshape-nrct-poi:320000033000","2 Higashi-machi, Tottori-shi, Tottori-ken | 鳥取県 鳥取市 東町一丁目","Primary/locality evidence conflicts with the retained house number, neighborhood or historical point. Preserve source identities separately; do not invent an address correction or assert an alias.",""
"ja:鳥取県:鹿野城跡","MERGED_SUPPORTED","false","geoshape-nrct-poi:320000107800","2489 Shikano-cho Shikano, Tottori-shi, Tottori-ken / 鳥取県 鳥取市 鹿野町鹿野","All baseline members now belong to one explicit evidence-backed candidate group; no Master Code allocated.",""
"ja:鹿児島県:一之宮神社","HOLD_SOURCE_IDENTITY_AMBIGUITY","true","geoshape-nrct-poi:470000046400 | geoshape-nrct-poi:470000093000","鹿児島県 鹿児島市 郡元二丁目4番27号 | 鹿児島県 鹿児島市 郡元二丁目4番27号","Different historical provider entries share an estimated coordinate; same name/address/point does not establish an alias.",""
"ja:鹿児島県:光明寺跡","KEEP_SEPARATE_DISTINCT_SOURCE_LOCATIONS","false","geoshape-nrct-poi:470000048700 | geoshape-nrct-poi:470000060800","鹿児島県 鹿児島市 坂元町 | 鹿児島県 指宿市 十町","Source identities have different locality/address evidence. Retain separate candidates; this is not current existence or navigation certification.",""
"ja:鹿児島県:八幡神社","KEEP_SEPARATE_DISTINCT_SOURCE_LOCATIONS","false","geoshape-nrct-poi:470000083600 | geoshape-nrct-poi:470000111500","鹿児島県 日置市 日吉町日置5301番地 | 鹿児島県 鹿児島市 本名町字瀬戸口3577番地","Source identities have different locality/address evidence. Retain separate candidates; this is not current existence or navigation certification.",""
"ja:鹿児島県:南方神社","KEEP_SEPARATE_DISTINCT_SOURCE_LOCATIONS","false","geoshape-nrct-poi:470000036200 | geoshape-nrct-poi:470000072100 | geoshape-nrct-poi:470000087600","鹿児島県 鹿児島市 清水町124番地 | 鹿児島県 日置市 日吉町吉利815番地 | 鹿児島県 日置市 伊集院町下谷口1871番地","Source identities have different locality/address evidence. Retain separate candidates; this is not current existence or navigation certification.",""
"ja:鹿児島県:松尾城跡","KEEP_SEPARATE_DISTINCT_SOURCE_LOCATIONS","false","geoshape-nrct-poi:470000025600 | geoshape-nrct-poi:470000061200 | geoshape-nrct-poi:470000065600","鹿児島県 鹿屋市 寿四丁目 | 鹿児島県 指宿市 西方 | 鹿児島県 南九州市 川辺町野崎","Source identities have different locality/address evidence. Retain separate candidates; this is not current existence or navigation certification.",""
"ja:鹿児島県:稲荷神社","KEEP_SEPARATE_DISTINCT_SOURCE_LOCATIONS","false","geoshape-nrct-poi:470000035800 | geoshape-nrct-poi:470000095200","鹿児島県 鹿児島市 稲荷町252番地 | 鹿児島県 日置市 東市来町湯田4008番地","Source identities have different locality/address evidence. Retain separate candidates; this is not current existence or navigation certification.",""
