"legacy_code_NOT_approved","candidate_key","names_ja","addresses","source_versions","status"
"64426","geoshape-nrct-poi:200000057800","長命寺","長野県 長野市 大字南堀346番地","v3.8","UNRESOLVED_DO_NOT_ALLOCATE"
"64426","geoshape-nrct-poi:230000107100","鉾ノ木貝塚","愛知県 名古屋市緑区 鳴海町","v3.7.1","UNRESOLVED_DO_NOT_ALLOCATE"
"64427","geoshape-nrct-poi:210000204200","八幡神社","岐阜県 岐阜市 前一色二丁目1番6号","v3.8","UNRESOLVED_DO_NOT_ALLOCATE"
"64427","geoshape-nrct-poi:230000107200","上ノ山貝塚","愛知県 名古屋市緑区 鳴海町","v3.7.1","UNRESOLVED_DO_NOT_ALLOCATE"
"64455","geoshape-nrct-poi:200000075100","子檀嶺神社","長野県 上田市 武石小沢根230番地","v3.8","UNRESOLVED_DO_NOT_ALLOCATE"
"64455","geoshape-nrct-poi:230000107300","成海神社","愛知県 名古屋市 緑区鳴海町乙子山85番地","v3.7.1","UNRESOLVED_DO_NOT_ALLOCATE"
"64456","geoshape-nrct-poi:210000251900","長蔵寺","岐阜県 加茂郡坂祝町 酒倉169番地","v3.8","UNRESOLVED_DO_NOT_ALLOCATE"
"64456","geoshape-nrct-poi:230000107400","鳴海城跡","愛知県 名古屋市緑区 鳴海町","v3.7.1","UNRESOLVED_DO_NOT_ALLOCATE"
"64485","geoshape-nrct-poi:210000276700","八幡神社","岐阜県 岐阜市 前一色二丁目1番6号","v3.8","UNRESOLVED_DO_NOT_ALLOCATE"
"64485","geoshape-nrct-poi:230000107500","鳴海廃寺","愛知県 名古屋市緑区 鳴海町","v3.7.1","UNRESOLVED_DO_NOT_ALLOCATE"
"64514","geoshape-nrct-poi:210000306100","浄光寺","岐阜県 安八郡輪之内町 福束56番地","v3.8","UNRESOLVED_DO_NOT_ALLOCATE"
"64514","geoshape-nrct-poi:230000107600","善照寺砦跡","愛知県 名古屋市緑区 鳴海町","v3.7.1","UNRESOLVED_DO_NOT_ALLOCATE"
"64543","geoshape-nrct-poi:210000328900","八幡神社","岐阜県 岐阜市 前一色二丁目1番6号","v3.8","UNRESOLVED_DO_NOT_ALLOCATE"
"64543","geoshape-nrct-poi:230000107700","丹下砦跡","愛知県 名古屋市緑区 鳴海町","v3.7.1","UNRESOLVED_DO_NOT_ALLOCATE"
"64572","geoshape-nrct-poi:210000390400","洞雲寺","岐阜県 飛騨市 神岡町船津570番地","v3.8","UNRESOLVED_DO_NOT_ALLOCATE"
"64572","geoshape-nrct-poi:230000107800","中島砦跡","愛知県 名古屋市緑区 鳴海町","v3.7.1","UNRESOLVED_DO_NOT_ALLOCATE"
"64601","geoshape-nrct-poi:200000155400","安養寺","長野県 下伊那郡高森町 下市田1092番地","v3.8","UNRESOLVED_DO_NOT_ALLOCATE"
"64601","geoshape-nrct-poi:230000057900","教授寺","愛知県 名古屋市 中区丸の内二丁目17番21号","v3.7.1","UNRESOLVED_DO_NOT_ALLOCATE"
"64630","geoshape-nrct-poi:220000237000","敬満神社","静岡県 島田市 阪本4054番地","v3.8","UNRESOLVED_DO_NOT_ALLOCATE"
"64630","geoshape-nrct-poi:230000058700","白山神社","愛知県 名古屋市 中村区横井二丁目47番地","v3.7.1","UNRESOLVED_DO_NOT_ALLOCATE"
"64659","geoshape-nrct-poi:230000057900","教授寺","愛知県 名古屋市 中区丸の内二丁目17番21号","v3.8","UNRESOLVED_DO_NOT_ALLOCATE"
"64659","geoshape-nrct-poi:230000061000","中島新四郎宅跡","愛知県 名古屋市中区 丸の内二丁目","v3.7.1","UNRESOLVED_DO_NOT_ALLOCATE"
"64688","geoshape-nrct-poi:230000061100","伊藤次郎左衛門宅跡","愛知県 名古屋市中区 丸の内二丁目","v3.7.1","UNRESOLVED_DO_NOT_ALLOCATE"
"64688","geoshape-nrct-poi:240000107400","東庄内Ａ遺跡跡","三重県 亀山市 川崎町","v3.8","UNRESOLVED_DO_NOT_ALLOCATE"
"64717","geoshape-nrct-poi:230000061300","東両替所跡","愛知県 名古屋市中区 丸の内三丁目","v3.7.1","UNRESOLVED_DO_NOT_ALLOCATE"
"64717","geoshape-nrct-poi:250000103500","北太田遺跡","滋賀県 草津市 上寺町","v3.8","UNRESOLVED_DO_NOT_ALLOCATE"
"64746","geoshape-nrct-poi:230000061400","西両替所跡","愛知県 名古屋市中区 丸の内三丁目","v3.7.1","UNRESOLVED_DO_NOT_ALLOCATE"
"64746","geoshape-nrct-poi:260000075200","神明神社","京都府 宇治市 神明宮西35番地","v3.8","UNRESOLVED_DO_NOT_ALLOCATE"
"64775","geoshape-nrct-poi:230000061600","蘇森子桂宅跡","愛知県 名古屋市中区 丸の内三丁目","v3.7.1","UNRESOLVED_DO_NOT_ALLOCATE"
"64775","geoshape-nrct-poi:270000093100","智積院","京都府 京都市 東山区東瓦町964番地","v3.8","UNRESOLVED_DO_NOT_ALLOCATE"
"64804","geoshape-nrct-poi:230000062600","天神社","愛知県 名古屋市 中川区富田町大字千音寺供木4439番地","v3.7.1","UNRESOLVED_DO_NOT_ALLOCATE"
"64804","geoshape-nrct-poi:280000085600","宮之前遺跡","大阪府 池田市 住吉二丁目","v3.8","UNRESOLVED_DO_NOT_ALLOCATE"
"64833","geoshape-nrct-poi:230000062700","霊岳院跡","愛知県 名古屋市中区 錦二丁目","v3.7.1","UNRESOLVED_DO_NOT_ALLOCATE"
"64833","geoshape-nrct-poi:290000105000","素盞嗚神社","兵庫県 神戸市 西区平野町向井166番地","v3.8","UNRESOLVED_DO_NOT_ALLOCATE"
"64862","geoshape-nrct-poi:230000063100","聞安寺","愛知県 名古屋市 中区錦三丁目10番24号","v3.7.1","UNRESOLVED_DO_NOT_ALLOCATE"
"64862","geoshape-nrct-poi:300000061200","布施城跡","奈良県 葛城市 寺口","v3.8","UNRESOLVED_DO_NOT_ALLOCATE"
"64891","geoshape-nrct-poi:230000063500","大野屋惣八店跡","愛知県 名古屋市中区 錦三丁目","v3.7.1","UNRESOLVED_DO_NOT_ALLOCATE"
"64891","geoshape-nrct-poi:310000045200","丹生都比売神社","和歌山県 伊都郡かつらぎ町 大字上天野230番地 | 和歌山県伊都郡かつらぎ町上天野230","v3.8","UNRESOLVED_DO_NOT_ALLOCATE"
"64920","geoshape-nrct-poi:230000064000","伊藤玄沢施薬所跡","愛知県 名古屋市中区 錦一丁目","v3.7.1","UNRESOLVED_DO_NOT_ALLOCATE"
"64920","geoshape-nrct-poi:320000109000","寺内廃寺","鳥取県 鳥取市 鹿野町寺内","v3.8","UNRESOLVED_DO_NOT_ALLOCATE"
"64949","geoshape-nrct-poi:230000064400","聖徳寺","愛知県 名古屋市 名東区平和が丘四丁目300番地","v3.7.1","UNRESOLVED_DO_NOT_ALLOCATE"
"64949","geoshape-nrct-poi:330000085900","造山古墳群","島根県 安来市 荒島町","v3.8","UNRESOLVED_DO_NOT_ALLOCATE"
"64978","geoshape-nrct-poi:230000064700","朝日神社","愛知県 名古屋市 中区錦三丁目22番21号","v3.7.1","UNRESOLVED_DO_NOT_ALLOCATE"
"64978","geoshape-nrct-poi:340000111300","社八社","岡山県 津山市 八社","v3.8","UNRESOLVED_DO_NOT_ALLOCATE"
"65007","geoshape-nrct-poi:230000065600","小袖塚跡","愛知県 名古屋市中区 錦三丁目","v3.7.1","UNRESOLVED_DO_NOT_ALLOCATE"
"65007","geoshape-nrct-poi:350000062000","井上高重屋敷跡","広島県 三次市 畠敷町","v3.8","UNRESOLVED_DO_NOT_ALLOCATE"
"65036","geoshape-nrct-poi:230000065900","遠見櫓跡","愛知県 名古屋市中区 錦二丁目","v3.7.1","UNRESOLVED_DO_NOT_ALLOCATE"
"65036","geoshape-nrct-poi:360000062500","天王遺跡","山口県 周南市 大字安田","v3.8","UNRESOLVED_DO_NOT_ALLOCATE"
"65065","geoshape-nrct-poi:230000066000","伝馬問屋跡","愛知県 名古屋市中区 錦二丁目","v3.7.1","UNRESOLVED_DO_NOT_ALLOCATE"
"65065","geoshape-nrct-poi:370000070900","新田神社","徳島県 美馬郡つるぎ町 半田字坂根271番地","v3.8","UNRESOLVED_DO_NOT_ALLOCATE"
"65094","geoshape-nrct-poi:230000066100","飛脚問屋跡","愛知県 名古屋市中区 錦二丁目","v3.7.1","UNRESOLVED_DO_NOT_ALLOCATE"
"65094","geoshape-nrct-poi:380000068600","称念寺","香川県 高松市 十川東町932番地","v3.8","UNRESOLVED_DO_NOT_ALLOCATE"
"65123","geoshape-nrct-poi:230000066200","札の辻跡","愛知県 名古屋市中区 錦三丁目","v3.7.1","UNRESOLVED_DO_NOT_ALLOCATE"
"65123","geoshape-nrct-poi:390000058400","周敷神社","愛媛県 西条市 周布1532番地","v3.8","UNRESOLVED_DO_NOT_ALLOCATE"
"65152","geoshape-nrct-poi:230000066500","芭蕉宅跡","愛知県 名古屋市中区 錦三丁目","v3.7.1","UNRESOLVED_DO_NOT_ALLOCATE"
"65152","geoshape-nrct-poi:400000057500","堰留神社","高知県 香美市 土佐山田町戸板島字宮ノ丸9番地","v3.8","UNRESOLVED_DO_NOT_ALLOCATE"
"65181","geoshape-nrct-poi:230000066800","医学館跡","愛知県 名古屋市中区 錦二丁目","v3.7.1","UNRESOLVED_DO_NOT_ALLOCATE"
"65181","geoshape-nrct-poi:410000131500","高鳥居城跡","福岡県 糟屋郡篠栗町 大字若杉","v3.8","UNRESOLVED_DO_NOT_ALLOCATE"
"65210","geoshape-nrct-poi:230000067100","牢屋敷跡","愛知県 名古屋市中区 栄三丁目","v3.7.1","UNRESOLVED_DO_NOT_ALLOCATE"
"65210","geoshape-nrct-poi:420000081100","巨勢神社","佐賀県 佐賀市 巨勢町大字牛島41番地","v3.8","UNRESOLVED_DO_NOT_ALLOCATE"
"65239","geoshape-nrct-poi:230000067200","長円寺","愛知県 名古屋市 中村区名駅南二丁目3番40号","v3.7.1","UNRESOLVED_DO_NOT_ALLOCATE"
"65239","geoshape-nrct-poi:430000081100","今富城跡","長崎県 大村市 皆同町","v3.8","UNRESOLVED_DO_NOT_ALLOCATE"
"65268","geoshape-nrct-poi:230000067700","若宮八幡社","愛知県 豊橋市 瓜郷町一新替52番地","v3.7.1","UNRESOLVED_DO_NOT_ALLOCATE"
"65268","geoshape-nrct-poi:440000086900","竹迫日吉神社","熊本県 合志市 豊岡231番地","v3.8","UNRESOLVED_DO_NOT_ALLOCATE"
"65297","geoshape-nrct-poi:230000068000","守綱寺","愛知県 名古屋市 中区栄三丁目21番13号","v3.7.1","UNRESOLVED_DO_NOT_ALLOCATE"
"65297","geoshape-nrct-poi:450000115300","狐塚古墳","大分県 国東市 国東町富来浦","v3.8","UNRESOLVED_DO_NOT_ALLOCATE"
"65326","geoshape-nrct-poi:230000068400","三ッ蔵跡","愛知県 名古屋市中区 栄一丁目","v3.7.1","UNRESOLVED_DO_NOT_ALLOCATE"
"65326","geoshape-nrct-poi:460000081000","巨田神社","宮崎県 宮崎市 佐土原町上田島10732番地","v3.8","UNRESOLVED_DO_NOT_ALLOCATE"
"65355","geoshape-nrct-poi:230000070000","大須二子山古墳","愛知県 名古屋市中区 門前町","v3.7.1","UNRESOLVED_DO_NOT_ALLOCATE"
"65355","geoshape-nrct-poi:470000109100","別府原地下式板石積石室墓群","鹿児島県 薩摩郡さつま町 永野","v3.8","UNRESOLVED_DO_NOT_ALLOCATE"
"65384","geoshape-nrct-poi:230000070100","阿弥陀寺","愛知県 清須市 西枇杷島町小田井二丁目12番地5","v3.7.1","UNRESOLVED_DO_NOT_ALLOCATE"
"65384","geoshape-nrct-poi:480000090500","伊波後原遺跡","沖縄県 うるま市 石川","v3.8","UNRESOLVED_DO_NOT_ALLOCATE"
"65413","geoshape-nrct-poi:200000155500","北原遺跡","長野県 下伊那郡高森町 下市田","v3.8","UNRESOLVED_DO_NOT_ALLOCATE"
"65413","geoshape-nrct-poi:230000070200","大光院","愛知県 知多郡南知多町 大字日間賀島字小戸地59番地","v3.7.1","UNRESOLVED_DO_NOT_ALLOCATE"
"65442","geoshape-nrct-poi:220000237100","谷口古墳群","静岡県 島田市 阪本","v3.8","UNRESOLVED_DO_NOT_ALLOCATE"
"65442","geoshape-nrct-poi:230000070300","清寿院跡","愛知県 名古屋市中区 大須二丁目","v3.7.1","UNRESOLVED_DO_NOT_ALLOCATE"
"65471","geoshape-nrct-poi:230000058700","白山神社","愛知県 名古屋市 中村区横井二丁目47番地","v3.8","UNRESOLVED_DO_NOT_ALLOCATE"
"65471","geoshape-nrct-poi:230000070400","宝生院","愛知県 名古屋市 中区大須二丁目21番47号","v3.7.1","UNRESOLVED_DO_NOT_ALLOCATE"
"65500","geoshape-nrct-poi:230000070500","七寺","愛知県 名古屋市 中区大須二丁目28番5号","v3.7.1","UNRESOLVED_DO_NOT_ALLOCATE"
"65500","geoshape-nrct-poi:240000107500","東庄内Ｂ遺跡","三重県 鈴鹿市 東庄内町","v3.8","UNRESOLVED_DO_NOT_ALLOCATE"
"65529","geoshape-nrct-poi:230000070600","総見寺","愛知県 名古屋市 中区大須三丁目23番38号","v3.7.1","UNRESOLVED_DO_NOT_ALLOCATE"
"65529","geoshape-nrct-poi:250000103700","南溝畑遺跡","滋賀県 草津市 長束町","v3.8","UNRESOLVED_DO_NOT_ALLOCATE"
"65558","geoshape-nrct-poi:230000070700","本願寺名古屋別院","愛知県 名古屋市 中区門前町1番23号","v3.7.1","UNRESOLVED_DO_NOT_ALLOCATE"
"65558","geoshape-nrct-poi:260000075700","槇島城跡","京都府 宇治市 槇島町","v3.8","UNRESOLVED_DO_NOT_ALLOCATE"
"65587","geoshape-nrct-poi:230000071000","万松寺","愛知県 名古屋市 中区大須三丁目29番12号","v3.7.1","UNRESOLVED_DO_NOT_ALLOCATE"
"65587","geoshape-nrct-poi:270000093800","三島神社","京都府 京都市 東山区上馬町馬町通本町東入八丁目","v3.8","UNRESOLVED_DO_NOT_ALLOCATE"
"65616","geoshape-nrct-poi:230000071500","大木戸跡","愛知県 名古屋市中区 橘二丁目","v3.7.1","UNRESOLVED_DO_NOT_ALLOCATE"
"65616","geoshape-nrct-poi:280000087300","高代寺","大阪府 豊能郡豊能町 吉川916番地","v3.8","UNRESOLVED_DO_NOT_ALLOCATE"
"65645","geoshape-nrct-poi:230000071700","栄国寺","愛知県 瀬戸市 西本町一丁目8番地","v3.7.1","UNRESOLVED_DO_NOT_ALLOCATE"
"65645","geoshape-nrct-poi:290000107900","小戸神社","兵庫県 川西市 小戸一丁目13番17号","v3.8","UNRESOLVED_DO_NOT_ALLOCATE"
"65674","geoshape-nrct-poi:230000071900","真宗大谷派名古屋別院","愛知県 名古屋市 中区橘二丁目8番55号","v3.7.1","UNRESOLVED_DO_NOT_ALLOCATE"
"65674","geoshape-nrct-poi:300000061300","寺口忍海古墳群","奈良県 葛城市 寺口","v3.8","UNRESOLVED_DO_NOT_ALLOCATE"
"65703","geoshape-nrct-poi:230000073000","日置神社","愛知県 名古屋市 中区橘一丁目3番21号","v3.7.1","UNRESOLVED_DO_NOT_ALLOCATE"
"65703","geoshape-nrct-poi:310000046900","下花園神社","和歌山県 伊都郡かつらぎ町 大字花園梁瀬264番地","v3.8","UNRESOLVED_DO_NOT_ALLOCATE"
"65732","geoshape-nrct-poi:230000073900","元興寺跡","愛知県 名古屋市中区 正木四丁目","v3.7.1","UNRESOLVED_DO_NOT_ALLOCATE"
"65732","geoshape-nrct-poi:320000109800","鷲峯神社","鳥取県 鳥取市 鹿野町鷲峯1061番地","v3.8","UNRESOLVED_DO_NOT_ALLOCATE"
"65761","geoshape-nrct-poi:230000074000","八幡社","愛知県 名古屋市 千種区千種二丁目18番14号","v3.7.1","UNRESOLVED_DO_NOT_ALLOCATE"
"65761","geoshape-nrct-poi:330000086300","仲仙寺墳墓群","島根県 安来市 西赤江町","v3.8","UNRESOLVED_DO_NOT_ALLOCATE"
"65790","geoshape-nrct-poi:230000074200","三輪神社","愛知県 名古屋市 中区大須三丁目9番32号 | 愛知県名古屋市中区大須3-9-32","v3.7.1","UNRESOLVED_DO_NOT_ALLOCATE"
"65790","geoshape-nrct-poi:340000111500","久見神社","岡山県 真庭市 久見42番地","v3.8","UNRESOLVED_DO_NOT_ALLOCATE"
"65819","geoshape-nrct-poi:230000074300","東泉院","愛知県 名古屋市 中区大須四丁目2番35号","v3.7.1","UNRESOLVED_DO_NOT_ALLOCATE"
"65819","geoshape-nrct-poi:350000062100","岩屋寺","広島県 三次市 畠敷町2112番地","v3.8","UNRESOLVED_DO_NOT_ALLOCATE"
"65848","geoshape-nrct-poi:230000074400","万年寺","愛知県 名古屋市 中区大須三丁目4番41号","v3.7.1","UNRESOLVED_DO_NOT_ALLOCATE"
"65848","geoshape-nrct-poi:360000062600","岡山遺跡","山口県 周南市 安田１３９７","v3.8","UNRESOLVED_DO_NOT_ALLOCATE"
"65877","geoshape-nrct-poi:230000074800","八幡山古墳","愛知県 名古屋市昭和区 山脇町一丁目","v3.7.1","UNRESOLVED_DO_NOT_ALLOCATE"
"65877","geoshape-nrct-poi:370000071000","加茂谷川岩陰遺跡群","徳島県 名西郡神山町 下分","v3.8","UNRESOLVED_DO_NOT_ALLOCATE"
"65906","geoshape-nrct-poi:230000074900","御器所八幡宮","愛知県 名古屋市 昭和区御器所四丁目4番24号","v3.7.1","UNRESOLVED_DO_NOT_ALLOCATE"
"65906","geoshape-nrct-poi:380000068800","合子神社","香川県 高松市 池田町","v3.8","UNRESOLVED_DO_NOT_ALLOCATE"
"65935","geoshape-nrct-poi:230000075000","竜興寺","愛知県 名古屋市 昭和区御器所三丁目1番29号","v3.7.1","UNRESOLVED_DO_NOT_ALLOCATE"
"65935","geoshape-nrct-poi:390000058500","多治比之連真国館跡","愛媛県 西条市 周布","v3.8","UNRESOLVED_DO_NOT_ALLOCATE"
"65964","geoshape-nrct-poi:230000075100","神宮寺","愛知県 名古屋市 昭和区御器所四丁目4番22号","v3.7.1","UNRESOLVED_DO_NOT_ALLOCATE"
"65964","geoshape-nrct-poi:400000058100","高竜寺","高知県 香美市 土佐山田町旭町五丁目6番10号","v3.8","UNRESOLVED_DO_NOT_ALLOCATE"
"65993","geoshape-nrct-poi:230000075200","御器所城跡","愛知県 名古屋市昭和区 御器所一丁目","v3.7.1","UNRESOLVED_DO_NOT_ALLOCATE"
"65993","geoshape-nrct-poi:410000131800","南蔵院","福岡県 糟屋郡篠栗町 大字篠栗1035番地","v3.8","UNRESOLVED_DO_NOT_ALLOCATE"
"66022","geoshape-nrct-poi:230000075500","川原神社","愛知県 名古屋市 昭和区川名本町四丁目4番地","v3.7.1","UNRESOLVED_DO_NOT_ALLOCATE"
"66022","geoshape-nrct-poi:420000081700","竜津寺跡","佐賀県 佐賀市 巨勢町大字東西","v3.8","UNRESOLVED_DO_NOT_ALLOCATE"
"66051","geoshape-nrct-poi:230000075600","太平寺","愛知県 名古屋市 昭和区川名本町四丁目24番地","v3.7.1","UNRESOLVED_DO_NOT_ALLOCATE"
"66051","geoshape-nrct-poi:430000081300","好武城跡","長崎県 大村市 寿古町","v3.8","UNRESOLVED_DO_NOT_ALLOCATE"
"66080","geoshape-nrct-poi:230000075800","伊勝八幡宮","愛知県 名古屋市 昭和区伊勝町二丁目99番地","v3.7.1","UNRESOLVED_DO_NOT_ALLOCATE"
"66080","geoshape-nrct-poi:440000087600","竹迫城跡","熊本県 合志市 上庄","v3.8","UNRESOLVED_DO_NOT_ALLOCATE"
"66109","geoshape-nrct-poi:230000076000","善昌寺","愛知県 名古屋市 昭和区石仏町一丁目80番地","v3.7.1","UNRESOLVED_DO_NOT_ALLOCATE"
"66109","geoshape-nrct-poi:450000115600","羽田遺跡","大分県 国東市 国東町東堅来","v3.8","UNRESOLVED_DO_NOT_ALLOCATE"
"66138","geoshape-nrct-poi:230000076300","八事廃堂","愛知県 名古屋市天白区 天白町大字八事","v3.7.1","UNRESOLVED_DO_NOT_ALLOCATE"
"66138","geoshape-nrct-poi:460000081100","上田島横穴墓群","宮崎県 宮崎市 佐土原町上田島","v3.8","UNRESOLVED_DO_NOT_ALLOCATE"
"66167","geoshape-nrct-poi:230000076400","興正寺","愛知県 名古屋市 昭和区八事本町78番地","v3.7.1","UNRESOLVED_DO_NOT_ALLOCATE"
"66167","geoshape-nrct-poi:470000110300","虎居城跡","鹿児島県 薩摩郡さつま町 宮之城屋地","v3.8","UNRESOLVED_DO_NOT_ALLOCATE"
"66196","geoshape-nrct-poi:230000076500","普蔵寺","愛知県 名古屋市 昭和区高峯町48番地","v3.7.1","UNRESOLVED_DO_NOT_ALLOCATE"
"66196","geoshape-nrct-poi:480000090600","伊波貝塚","沖縄県 うるま市 石川伊波","v3.8","UNRESOLVED_DO_NOT_ALLOCATE"
"66225","geoshape-nrct-poi:200000155800","市田陣屋跡","長野県 下伊那郡高森町 上市田","v3.8","UNRESOLVED_DO_NOT_ALLOCATE"
"66225","geoshape-nrct-poi:230000077000","浜神明社","愛知県 名古屋市瑞穂区 塩入町","v3.7.1","UNRESOLVED_DO_NOT_ALLOCATE"
"66254","geoshape-nrct-poi:220000237800","東鎌塚原遺跡","静岡県 島田市 湯日","v3.8","UNRESOLVED_DO_NOT_ALLOCATE"
"66254","geoshape-nrct-poi:230000077300","瑞穂遺跡","愛知県 名古屋市瑞穂区 牧町二丁目","v3.7.1","UNRESOLVED_DO_NOT_ALLOCATE"
"66283","geoshape-nrct-poi:230000061000","中島新四郎宅跡","愛知県 名古屋市中区 丸の内二丁目","v3.8","UNRESOLVED_DO_NOT_ALLOCATE"
"66283","geoshape-nrct-poi:230000077400","津賀田神社","愛知県 名古屋市 瑞穂区津賀田町三丁目4番地","v3.7.1","UNRESOLVED_DO_NOT_ALLOCATE"
"66312","geoshape-nrct-poi:230000077600","おつくり山古墳","愛知県 名古屋市瑞穂区 井戸田町三丁目","v3.7.1","UNRESOLVED_DO_NOT_ALLOCATE"
"66312","geoshape-nrct-poi:240000107600","四辻古墳群","三重県 鈴鹿市 東庄内町","v3.8","UNRESOLVED_DO_NOT_ALLOCATE"
"66341","geoshape-nrct-poi:230000077800","師長屋敷跡","愛知県 名古屋市瑞穂区 土市町二丁目","v3.7.1","UNRESOLVED_DO_NOT_ALLOCATE"
"66341","geoshape-nrct-poi:250000103900","観音寺","滋賀県 草津市 芦浦町445番地","v3.8","UNRESOLVED_DO_NOT_ALLOCATE"
"66370","geoshape-nrct-poi:230000078000","大喜城跡","愛知県 名古屋市瑞穂区 大喜町五丁目","v3.7.1","UNRESOLVED_DO_NOT_ALLOCATE"
"66370","geoshape-nrct-poi:260000077600","山崎橋跡","京都府 乙訓郡大山崎町 字円明寺","v3.8","UNRESOLVED_DO_NOT_ALLOCATE"
"66399","geoshape-nrct-poi:230000078100","田光池跡","愛知県 名古屋市瑞穂区 田光町二丁目","v3.7.1","UNRESOLVED_DO_NOT_ALLOCATE"
"66399","geoshape-nrct-poi:270000093900","正林寺","京都府 京都市 東山区上馬町","v3.8","UNRESOLVED_DO_NOT_ALLOCATE"
"66428","geoshape-nrct-poi:230000078700","大曲輪貝塚","愛知県 名古屋市瑞穂区 山下通五丁目","v3.7.1","UNRESOLVED_DO_NOT_ALLOCATE"
"66428","geoshape-nrct-poi:280000087700","朝川寺","大阪府 豊能郡豊能町 木代1530番地","v3.8","UNRESOLVED_DO_NOT_ALLOCATE"
"66457","geoshape-nrct-poi:230000078800","中根銅鐸出土地","愛知県 名古屋市瑞穂区 軍水町三丁目","v3.7.1","UNRESOLVED_DO_NOT_ALLOCATE"
"66457","geoshape-nrct-poi:290000108400","栄根遺跡","兵庫県 川西市 栄根二丁目","v3.8","UNRESOLVED_DO_NOT_ALLOCATE"
"66486","geoshape-nrct-poi:230000078900","中根城跡","愛知県 名古屋市瑞穂区 中根町三丁目","v3.7.1","UNRESOLVED_DO_NOT_ALLOCATE"
"66486","geoshape-nrct-poi:300000061600","慶雲寺","奈良県 葛城市 大屋23番地","v3.8","UNRESOLVED_DO_NOT_ALLOCATE"
"66515","geoshape-nrct-poi:230000079400","熱田神宮","1-1-1 Jingu, Atsuta-ku, Nagoya-shi, Aichi-ken | 愛知県 名古屋市 熱田区神宮一丁目1番1号","v3.7.1","UNRESOLVED_DO_NOT_ALLOCATE"
"66515","geoshape-nrct-poi:310000047000","遍照寺","和歌山県 伊都郡かつらぎ町 大字花園梁瀬1567番地","v3.8","UNRESOLVED_DO_NOT_ALLOCATE"
"66544","geoshape-nrct-poi:230000080500","熱田大宮司宅跡","愛知県 名古屋市熱田区 花表町","v3.7.1","UNRESOLVED_DO_NOT_ALLOCATE"
"66544","geoshape-nrct-poi:320000110300","相屋神社","鳥取県 鳥取市 青谷町青谷5786番地","v3.8","UNRESOLVED_DO_NOT_ALLOCATE"
"66573","geoshape-nrct-poi:230000081000","円通寺","愛知県 小牧市 大字三ツ渕384番地","v3.7.1","UNRESOLVED_DO_NOT_ALLOCATE"
"66573","geoshape-nrct-poi:330000086400","宮山墳墓群","島根県 安来市 西赤江町","v3.8","UNRESOLVED_DO_NOT_ALLOCATE"
"66602","geoshape-nrct-poi:230000081200","蔵福寺","愛知県 名古屋市 熱田区神宮二丁目11番12号","v3.7.1","UNRESOLVED_DO_NOT_ALLOCATE"
"66602","geoshape-nrct-poi:340000112100","土居八幡宮","岡山県 真庭市 禾津","v3.8","UNRESOLVED_DO_NOT_ALLOCATE"
"66631","geoshape-nrct-poi:230000081400","海国寺","愛知県 名古屋市 熱田区神宮二丁目7番20号","v3.7.1","UNRESOLVED_DO_NOT_ALLOCATE"
"66631","geoshape-nrct-poi:350000062500","和知八幡神社","広島県 三次市 和知町753番地","v3.8","UNRESOLVED_DO_NOT_ALLOCATE"
"66660","geoshape-nrct-poi:230000081600","正覚寺","愛知県 豊川市 正岡町池田566番地","v3.7.1","UNRESOLVED_DO_NOT_ALLOCATE"
"66660","geoshape-nrct-poi:360000063000","熊毛神社","山口県 周南市 大字呼坂1322番地","v3.8","UNRESOLVED_DO_NOT_ALLOCATE"
"66689","geoshape-nrct-poi:230000081700","裁断橋跡","愛知県 名古屋市熱田区 伝馬二丁目","v3.7.1","UNRESOLVED_DO_NOT_ALLOCATE"
"66689","geoshape-nrct-poi:370000071100","丹田古墳","徳島県 名西郡神山町 下分","v3.8","UNRESOLVED_DO_NOT_ALLOCATE"
"66718","geoshape-nrct-poi:230000081800","姥堂","愛知県 名古屋市熱田区 伝馬二丁目","v3.7.1","UNRESOLVED_DO_NOT_ALLOCATE"
"66718","geoshape-nrct-poi:380000068900","光専寺山遺跡","香川県 高松市 池田町","v3.8","UNRESOLVED_DO_NOT_ALLOCATE"
"66747","geoshape-nrct-poi:230000081900","御朱印改役所跡","愛知県 名古屋市熱田区 伝馬二丁目","v3.7.1","UNRESOLVED_DO_NOT_ALLOCATE"
"66747","geoshape-nrct-poi:390000058900","徳蔵寺","愛媛県 西条市 広江364番地","v3.8","UNRESOLVED_DO_NOT_ALLOCATE"
"66776","geoshape-nrct-poi:230000082000","宮宿白本陣跡","愛知県 名古屋市熱田区 神宮二丁目","v3.7.1","UNRESOLVED_DO_NOT_ALLOCATE"
"66776","geoshape-nrct-poi:400000058200","八王子宮","高知県 香美市 土佐山田町字長谷川丸136番地","v3.8","UNRESOLVED_DO_NOT_ALLOCATE"
"66805","geoshape-nrct-poi:230000082300","加藤図書助宅跡","愛知県 名古屋市熱田区 白鳥町","v3.7.1","UNRESOLVED_DO_NOT_ALLOCATE"
"66805","geoshape-nrct-poi:410000133500","江辻遺跡","福岡県 糟屋郡粕屋町 大字江辻","v3.8","UNRESOLVED_DO_NOT_ALLOCATE"
"66834","geoshape-nrct-poi:230000082600","東浜御殿跡","愛知県 名古屋市熱田区 神戸町","v3.7.1","UNRESOLVED_DO_NOT_ALLOCATE"
"66834","geoshape-nrct-poi:420000081900","経島寺","佐賀県 佐賀市 兵庫町大字瓦町1724番地","v3.8","UNRESOLVED_DO_NOT_ALLOCATE"
"66863","geoshape-nrct-poi:230000083000","西浜御殿跡","愛知県 名古屋市熱田区 神戸町","v3.7.1","UNRESOLVED_DO_NOT_ALLOCATE"
"66863","geoshape-nrct-poi:430000081400","妙宣寺","長崎県 大村市 福重町116番地","v3.8","UNRESOLVED_DO_NOT_ALLOCATE"
"66892","geoshape-nrct-poi:230000083100","熱田奉行役所跡","愛知県 名古屋市熱田区 神戸町","v3.7.1","UNRESOLVED_DO_NOT_ALLOCATE"
"66892","geoshape-nrct-poi:440000087900","御手洗遺跡","熊本県 合志市 幾久富","v3.8","UNRESOLVED_DO_NOT_ALLOCATE"
"66921","geoshape-nrct-poi:230000083200","熱田船奉行所跡","愛知県 名古屋市熱田区 神戸町","v3.7.1","UNRESOLVED_DO_NOT_ALLOCATE"
"66921","geoshape-nrct-poi:450000116100","岩戸寺","大分県 国東市 国東町岩戸寺1232番地","v3.8","UNRESOLVED_DO_NOT_ALLOCATE"
"66950","geoshape-nrct-poi:230000083300","宮宿赤本陣跡","愛知県 名古屋市熱田区 須賀町","v3.7.1","UNRESOLVED_DO_NOT_ALLOCATE"
"66950","geoshape-nrct-poi:460000081700","久峯観音堂","宮崎県 宮崎市 佐土原町東上那珂","v3.8","UNRESOLVED_DO_NOT_ALLOCATE"
"66979","geoshape-nrct-poi:230000083400","円福寺","愛知県 名古屋市 熱田区神戸町301番地","v3.7.1","UNRESOLVED_DO_NOT_ALLOCATE"
"66979","geoshape-nrct-poi:470000110400","信教寺","鹿児島県 薩摩郡さつま町 宮之城屋地1115番地","v3.8","UNRESOLVED_DO_NOT_ALLOCATE"
"67008","geoshape-nrct-poi:230000083500","景清社","愛知県 名古屋市 熱田区神戸町41番地","v3.7.1","UNRESOLVED_DO_NOT_ALLOCATE"
"67008","geoshape-nrct-poi:480000090700","古我地原貝塚","沖縄県 うるま市 石川伊波","v3.8","UNRESOLVED_DO_NOT_ALLOCATE"
"67037","geoshape-nrct-poi:200000156100","月夜平遺跡","長野県 下伊那郡高森町 吉田","v3.8","UNRESOLVED_DO_NOT_ALLOCATE"
"67037","geoshape-nrct-poi:230000084000","聖徳寺","愛知県 名古屋市 熱田区大瀬子町702番地","v3.7.1","UNRESOLVED_DO_NOT_ALLOCATE"
"67066","geoshape-nrct-poi:220000256100","白羽神社","静岡県 御前崎市 白羽3511番地","v3.8","UNRESOLVED_DO_NOT_ALLOCATE"
"67066","geoshape-nrct-poi:230000084100","湊常夜灯跡","愛知県 名古屋市熱田区 大瀬子町","v3.7.1","UNRESOLVED_DO_NOT_ALLOCATE"
"67095","geoshape-nrct-poi:230000061100","伊藤次郎左衛門宅跡","愛知県 名古屋市中区 丸の内二丁目","v3.8","UNRESOLVED_DO_NOT_ALLOCATE"
"67095","geoshape-nrct-poi:230000084600","熱田魚市場跡","愛知県 名古屋市熱田区 木之免町","v3.7.1","UNRESOLVED_DO_NOT_ALLOCATE"
"67124","geoshape-nrct-poi:230000085300","白鳥古墳","愛知県 名古屋市熱田区 白鳥一丁目","v3.7.1","UNRESOLVED_DO_NOT_ALLOCATE"
"67124","geoshape-nrct-poi:240000107700","金光寺","三重県 三重郡朝日町 大字縄生736番地","v3.8","UNRESOLVED_DO_NOT_ALLOCATE"
"67153","geoshape-nrct-poi:230000085400","法持寺","愛知県 名古屋市 熱田区白鳥一丁目2番17号","v3.7.1","UNRESOLVED_DO_NOT_ALLOCATE"
"67153","geoshape-nrct-poi:250000104500","花摘寺跡","滋賀県 草津市 下物町","v3.8","UNRESOLVED_DO_NOT_ALLOCATE"
"67182","geoshape-nrct-poi:230000085500","滝之寺","愛知県 名古屋市 熱田区白鳥二丁目6番8号","v3.7.1","UNRESOLVED_DO_NOT_ALLOCATE"
"67182","geoshape-nrct-poi:260000077800","河陽離宮跡","京都府 乙訓郡大山崎町 字大山崎","v3.8","UNRESOLVED_DO_NOT_ALLOCATE"
"67211","geoshape-nrct-poi:230000085600","政所跡","愛知県 名古屋市熱田区 白鳥町","v3.7.1","UNRESOLVED_DO_NOT_ALLOCATE"
"67211","geoshape-nrct-poi:270000095500","滝尾神社","京都府 京都市 東山区本町十一丁目718番地","v3.8","UNRESOLVED_DO_NOT_ALLOCATE"
"67240","geoshape-nrct-poi:230000085700","白鳥材木役所跡","愛知県 名古屋市熱田区 白鳥町","v3.7.1","UNRESOLVED_DO_NOT_ALLOCATE"
"67240","geoshape-nrct-poi:280000087800","走落神社","大阪府 豊能郡豊能町 木代大字1556番地","v3.8","UNRESOLVED_DO_NOT_ALLOCATE"
"67269","geoshape-nrct-poi:230000085900","青衾神社","愛知県 名古屋市熱田区 白鳥二丁目","v3.7.1","UNRESOLVED_DO_NOT_ALLOCATE"
"67269","geoshape-nrct-poi:290000108700","栄根寺跡","兵庫県 川西市 花屋敷一丁目","v3.8","UNRESOLVED_DO_NOT_ALLOCATE"
"67298","geoshape-nrct-poi:230000086000","地蔵院","愛知県 名古屋市 北区大杉一丁目21番8号","v3.7.1","UNRESOLVED_DO_NOT_ALLOCATE"
"67298","geoshape-nrct-poi:300000061700","金村神社","奈良県 葛城市 大屋213番地","v3.8","UNRESOLVED_DO_NOT_ALLOCATE"
"67327","geoshape-nrct-poi:230000086200","本遠寺","愛知県 名古屋市 熱田区白鳥二丁目3番20号","v3.7.1","UNRESOLVED_DO_NOT_ALLOCATE"
"67327","geoshape-nrct-poi:310000047700","新子観音堂跡","和歌山県 日高郡日高川町 大字山野","v3.8","UNRESOLVED_DO_NOT_ALLOCATE"
"67356","geoshape-nrct-poi:230000086400","岡部又右衛門尉宅跡","愛知県 名古屋市熱田区 中瀬町","v3.7.1","UNRESOLVED_DO_NOT_ALLOCATE"
"67356","geoshape-nrct-poi:320000110400","青谷上寺地遺跡","鳥取県 鳥取市 青谷町青谷","v3.8","UNRESOLVED_DO_NOT_ALLOCATE"
"67385","geoshape-nrct-poi:230000086500","熱田文庫跡","愛知県 名古屋市熱田区 中瀬町","v3.7.1","UNRESOLVED_DO_NOT_ALLOCATE"
"67385","geoshape-nrct-poi:330000086800","飯梨岩舟古墳","島根県 安来市 岩舟町","v3.8","UNRESOLVED_DO_NOT_ALLOCATE"
"67414","geoshape-nrct-poi:230000086700","誓願寺","愛知県 刈谷市 築地町五丁目20番地1","v3.7.1","UNRESOLVED_DO_NOT_ALLOCATE"
"67414","geoshape-nrct-poi:340000113500","八幡神社","岡山県 岡山市 北区川入1165番地","v3.8","UNRESOLVED_DO_NOT_ALLOCATE"
"67443","geoshape-nrct-poi:230000086800","池殿屋敷跡","愛知県 名古屋市熱田区 森後町","v3.7.1","UNRESOLVED_DO_NOT_ALLOCATE"
"67443","geoshape-nrct-poi:350000062600","国広山城跡","広島県 三次市 四拾貫町","v3.8","UNRESOLVED_DO_NOT_ALLOCATE"
"67472","geoshape-nrct-poi:230000086900","青大悲寺","愛知県 名古屋市 熱田区旗屋一丁目10番39号","v3.7.1","UNRESOLVED_DO_NOT_ALLOCATE"
"67472","geoshape-nrct-poi:360000064200","熊毛宰判勘場跡","山口県 光市 大字小周防","v3.8","UNRESOLVED_DO_NOT_ALLOCATE"
"67501","geoshape-nrct-poi:230000087000","加藤隼人佐宅跡","愛知県 名古屋市熱田区 森後町","v3.7.1","UNRESOLVED_DO_NOT_ALLOCATE"
"67501","geoshape-nrct-poi:370000071300","長善寺","徳島県 徳島市 寺町8番地","v3.8","UNRESOLVED_DO_NOT_ALLOCATE"
"67530","geoshape-nrct-poi:230000087200","断夫山古墳","愛知県 名古屋市熱田区 旗屋一丁目","v3.7.1","UNRESOLVED_DO_NOT_ALLOCATE"
"67530","geoshape-nrct-poi:380000069300","神内城跡","香川県 高松市 西植田町","v3.8","UNRESOLVED_DO_NOT_ALLOCATE"
"67559","geoshape-nrct-poi:230000087300","玉ノ井遺跡","愛知県 名古屋市熱田区 玉の井町","v3.7.1","UNRESOLVED_DO_NOT_ALLOCATE"
"67559","geoshape-nrct-poi:390000059200","鶴岡八幡神社","愛媛県 西条市 北条544番地","v3.8","UNRESOLVED_DO_NOT_ALLOCATE"
"67588","geoshape-nrct-poi:230000087600","白鳥材木場跡","愛知県 名古屋市熱田区 熱田西町","v3.7.1","UNRESOLVED_DO_NOT_ALLOCATE"
"67588","geoshape-nrct-poi:400000058300","野中神社","高知県 香美市 土佐山田町須江野開658番地","v3.8","UNRESOLVED_DO_NOT_ALLOCATE"
"67617","geoshape-nrct-poi:230000087700","高座結御子神社","愛知県 名古屋市熱田区 高蔵町","v3.7.1","UNRESOLVED_DO_NOT_ALLOCATE"
"67617","geoshape-nrct-poi:410000135400","福岡藩磁器御用窯跡","福岡県 糟屋郡須惠町 大字上須惠","v3.8","UNRESOLVED_DO_NOT_ALLOCATE"
"67646","geoshape-nrct-poi:230000087800","高蔵一号墳","愛知県 名古屋市熱田区 高蔵町","v3.7.1","UNRESOLVED_DO_NOT_ALLOCATE"
"67646","geoshape-nrct-poi:420000083100","寿徳寺","佐賀県 佐賀市 兵庫北二丁目29番","v3.8","UNRESOLVED_DO_NOT_ALLOCATE"
"67675","geoshape-nrct-poi:230000087900","高蔵貝塚","愛知県 名古屋市熱田区 高蔵町","v3.7.1","UNRESOLVED_DO_NOT_ALLOCATE"
"67675","geoshape-nrct-poi:430000081800","八幡神社","長崎県 大村市 松原本町316番地","v3.8","UNRESOLVED_DO_NOT_ALLOCATE"
"67704","geoshape-nrct-poi:230000088200","住吉社","愛知県 名古屋市 熱田区新尾頭町9番28号","v3.7.1","UNRESOLVED_DO_NOT_ALLOCATE"
"67704","geoshape-nrct-poi:440000088100","医音寺跡","熊本県 合志市 竹迫","v3.8","UNRESOLVED_DO_NOT_ALLOCATE"
"67733","geoshape-nrct-poi:230000088300","妙安寺","愛知県 名古屋市 熱田区新尾頭二丁目2番19号","v3.7.1","UNRESOLVED_DO_NOT_ALLOCATE"
"67733","geoshape-nrct-poi:450000118700","内田砂丘遺跡","大分県 国東市 武蔵町内田","v3.8","UNRESOLVED_DO_NOT_ALLOCATE"
"67762","geoshape-nrct-poi:230000088400","金山神社","愛知県 名古屋市 中村区横井二丁目47番地","v3.7.1","UNRESOLVED_DO_NOT_ALLOCATE"
"67762","geoshape-nrct-poi:460000081800","下那珂遺跡","宮崎県 宮崎市 佐土原町下那珂","v3.8","UNRESOLVED_DO_NOT_ALLOCATE"
"67791","geoshape-nrct-poi:230000088600","船蔵跡","愛知県 名古屋市港区 九番町三丁目","v3.7.1","UNRESOLVED_DO_NOT_ALLOCATE"
"67791","geoshape-nrct-poi:470000110600","宗功寺跡","鹿児島県 薩摩郡さつま町 虎居","v3.8","UNRESOLVED_DO_NOT_ALLOCATE"
"67820","geoshape-nrct-poi:230000089700","願興寺","愛知県 名古屋市 中川区牛立町二丁目62番地","v3.7.1","UNRESOLVED_DO_NOT_ALLOCATE"
"67820","geoshape-nrct-poi:480000092000","北谷グスク","沖縄県 中頭郡北谷町 字大村","v3.8","UNRESOLVED_DO_NOT_ALLOCATE"
"67849","geoshape-nrct-poi:200000156300","瑠璃寺","長野県 下伊那郡高森町 大島山812番地3","v3.8","UNRESOLVED_DO_NOT_ALLOCATE"
"67849","geoshape-nrct-poi:230000091100","観音寺","愛知県 名古屋市 中川区荒子町字宮窓138番地","v3.7.1","UNRESOLVED_DO_NOT_ALLOCATE"
"67878","geoshape-nrct-poi:220000256200","星の糞遺跡","静岡県 御前崎市 白羽","v3.8","UNRESOLVED_DO_NOT_ALLOCATE"
"67878","geoshape-nrct-poi:230000091200","荒子城跡","愛知県 名古屋市中川区 荒子四丁目","v3.7.1","UNRESOLVED_DO_NOT_ALLOCATE"
"67907","geoshape-nrct-poi:230000061300","東両替所跡","愛知県 名古屋市中区 丸の内三丁目","v3.8","UNRESOLVED_DO_NOT_ALLOCATE"
"67907","geoshape-nrct-poi:230000091400","常楽寺","愛知県 半田市 東郷町二丁目41番地","v3.7.1","UNRESOLVED_DO_NOT_ALLOCATE"
"67936","geoshape-nrct-poi:230000091500","雨宮神社","愛知県 名古屋市中川区 中郷二丁目","v3.7.1","UNRESOLVED_DO_NOT_ALLOCATE"
"67936","geoshape-nrct-poi:240000107800","吉尾道場跡","三重県 鈴鹿市 東庄内町","v3.8","UNRESOLVED_DO_NOT_ALLOCATE"
"67965","geoshape-nrct-poi:230000091700","竜潭寺","愛知県 名古屋市 中川区野田三丁目187番地","v3.7.1","UNRESOLVED_DO_NOT_ALLOCATE"
"67965","geoshape-nrct-poi:250000104600","烏丸崎遺跡","滋賀県 草津市 下物町","v3.8","UNRESOLVED_DO_NOT_ALLOCATE"
"67994","geoshape-nrct-poi:230000092500","浅間社","愛知県 名古屋市 中川区下之一色町南ノ切20番地","v3.7.1","UNRESOLVED_DO_NOT_ALLOCATE"
"67994","geoshape-nrct-poi:260000078000","山崎城跡","京都府 乙訓郡大山崎町 字大山崎","v3.8","UNRESOLVED_DO_NOT_ALLOCATE"
"68023","geoshape-nrct-poi:230000092600","下之一色城跡","愛知県 名古屋市中川区 下之一色町","v3.7.1","UNRESOLVED_DO_NOT_ALLOCATE"
"68023","geoshape-nrct-poi:270000095600","宝樹寺","京都府 京都市 東山区本町十一丁目","v3.8","UNRESOLVED_DO_NOT_ALLOCATE"
"68052","geoshape-nrct-poi:230000092800","円盛寺","愛知県 愛知郡東郷町 大字春木中通屋敷1284番地","v3.7.1","UNRESOLVED_DO_NOT_ALLOCATE"
"68052","geoshape-nrct-poi:280000088000","藤森神社跡","大阪府 豊能郡豊能町 切畑","v3.8","UNRESOLVED_DO_NOT_ALLOCATE"
"68081","geoshape-nrct-poi:230000092900","速念寺","愛知県 名古屋市 中川区前田西町一丁目904番地","v3.7.1","UNRESOLVED_DO_NOT_ALLOCATE"
"68081","geoshape-nrct-poi:290000109000","鴨神社","兵庫県 川西市 加茂一丁目4番2号","v3.8","UNRESOLVED_DO_NOT_ALLOCATE"
"68110","geoshape-nrct-poi:230000093500","万場問屋場跡","愛知県 名古屋市中川区 万場二丁目","v3.7.1","UNRESOLVED_DO_NOT_ALLOCATE"
"68110","geoshape-nrct-poi:300000061900","新庄陣屋跡","奈良県 葛城市 新庄","v3.8","UNRESOLVED_DO_NOT_ALLOCATE"
"68139","geoshape-nrct-poi:230000093600","国玉神社","愛知県 一宮市 赤見三丁目1番25号","v3.7.1","UNRESOLVED_DO_NOT_ALLOCATE"
"68139","geoshape-nrct-poi:310000048000","上花園神社","和歌山県 伊都郡かつらぎ町 大字花園中南297番地","v3.8","UNRESOLVED_DO_NOT_ALLOCATE"
"68168","geoshape-nrct-poi:230000093700","光円寺","愛知県 名古屋市 中区千代田五丁目7番32号","v3.7.1","UNRESOLVED_DO_NOT_ALLOCATE"
"68168","geoshape-nrct-poi:320000110600","阿古山二二号墳","鳥取県 鳥取市 青谷町青谷","v3.8","UNRESOLVED_DO_NOT_ALLOCATE"
"68197","geoshape-nrct-poi:230000094000","千音寺一里塚跡","愛知県 名古屋市中川区 富田町大字千音寺","v3.7.1","UNRESOLVED_DO_NOT_ALLOCATE"
"68197","geoshape-nrct-poi:330000087200","鷺ノ湯病院跡横穴墓","島根県 安来市 植田町","v3.8","UNRESOLVED_DO_NOT_ALLOCATE"
"68226","geoshape-nrct-poi:230000094100","長禅寺","愛知県 名古屋市 中川区富田町大字千音寺南屋敷2782番地","v3.7.1","UNRESOLVED_DO_NOT_ALLOCATE"
"68226","geoshape-nrct-poi:340000114500","中和神社","岡山県 真庭市 蒜山下和1946番地1","v3.8","UNRESOLVED_DO_NOT_ALLOCATE"
"68255","geoshape-nrct-poi:230000094400","梶常吉宅跡","愛知県 名古屋市中川区 服部二丁目","v3.7.1","UNRESOLVED_DO_NOT_ALLOCATE"
"68255","geoshape-nrct-poi:350000062900","天良山城跡","広島県 三次市 和知町","v3.8","UNRESOLVED_DO_NOT_ALLOCATE"
"68284","geoshape-nrct-poi:230000094700","西照寺","愛知県 岡崎市 十王町一丁目5番地","v3.7.1","UNRESOLVED_DO_NOT_ALLOCATE"
"68284","geoshape-nrct-poi:360000064500","賀茂神社","山口県 光市 大字三井一丁目22番","v3.8","UNRESOLVED_DO_NOT_ALLOCATE"
"68313","geoshape-nrct-poi:230000096700","鬼頭景義宅跡","愛知県 名古屋市港区 南陽町大字茶屋新田","v3.7.1","UNRESOLVED_DO_NOT_ALLOCATE"
"68313","geoshape-nrct-poi:370000071400","八幡神社","徳島県 名東郡佐那河内村 下字高樋79番地","v3.8","UNRESOLVED_DO_NOT_ALLOCATE"
"68342","geoshape-nrct-poi:230000096900","茶屋灯明場跡","愛知県 名古屋市港区 南陽町大字茶屋新田","v3.7.1","UNRESOLVED_DO_NOT_ALLOCATE"
"68342","geoshape-nrct-poi:380000069400","葛谷遺跡","香川県 高松市 西植田町","v3.8","UNRESOLVED_DO_NOT_ALLOCATE"
"68371","geoshape-nrct-poi:230000097900","粕畑貝塚","愛知県 名古屋市南区 粕畠町三丁目","v3.7.1","UNRESOLVED_DO_NOT_ALLOCATE"
"68371","geoshape-nrct-poi:390000059300","金性寺","愛媛県 東温市 河之内甲5348番地","v3.8","UNRESOLVED_DO_NOT_ALLOCATE"
"68400","geoshape-nrct-poi:230000098000","見晴台遺跡","愛知県 名古屋市南区 見晴町","v3.7.1","UNRESOLVED_DO_NOT_ALLOCATE"
"68400","geoshape-nrct-poi:400000058500","伏原大塚古墳","高知県 香美市 土佐山田町百石町二丁目","v3.8","UNRESOLVED_DO_NOT_ALLOCATE"
"68429","geoshape-nrct-poi:230000098100","笠覆寺","愛知県 名古屋市 南区笠寺町上新町83番地","v3.7.1","UNRESOLVED_DO_NOT_ALLOCATE"
"68429","geoshape-nrct-poi:410000135600","佐谷観音堂","福岡県 糟屋郡須惠町 大字佐谷","v3.8","UNRESOLVED_DO_NOT_ALLOCATE"
"68458","geoshape-nrct-poi:230000098200","七所神社","愛知県 名古屋市 南区笠寺町天満12番地","v3.7.1","UNRESOLVED_DO_NOT_ALLOCATE"
"68458","geoshape-nrct-poi:420000083400","西中野天満宮","佐賀県 佐賀市 兵庫北七丁目","v3.8","UNRESOLVED_DO_NOT_ALLOCATE"
"68487","geoshape-nrct-poi:230000098900","喚続社","愛知県 名古屋市 南区星崎一丁目146番地","v3.7.1","UNRESOLVED_DO_NOT_ALLOCATE"
"68487","geoshape-nrct-poi:430000082100","野岳遺跡","長崎県 大村市 東野岳町","v3.8","UNRESOLVED_DO_NOT_ALLOCATE"
"68516","geoshape-nrct-poi:230000099000","光照寺","愛知県 春日井市 中央台八丁目4番","v3.7.1","UNRESOLVED_DO_NOT_ALLOCATE"
"68516","geoshape-nrct-poi:440000088200","厳照寺","熊本県 合志市 竹迫1794番地","v3.8","UNRESOLVED_DO_NOT_ALLOCATE"
"68545","geoshape-nrct-poi:230000099100","常徳寺","愛知県 名古屋市 南区星崎一丁目83番地","v3.7.1","UNRESOLVED_DO_NOT_ALLOCATE"
"68545","geoshape-nrct-poi:450000118800","熊尾遺跡","大分県 国東市 武蔵町内田","v3.8","UNRESOLVED_DO_NOT_ALLOCATE"
"68574","geoshape-nrct-poi:230000099600","星崎城跡","愛知県 名古屋市南区 本星崎町","v3.7.1","UNRESOLVED_DO_NOT_ALLOCATE"
"68574","geoshape-nrct-poi:460000081900","土器田横穴墓群","宮崎県 宮崎市 佐土原町東上那珂","v3.8","UNRESOLVED_DO_NOT_ALLOCATE"
"68603","geoshape-nrct-poi:230000100000","神明社","愛知県 名古屋市 南区豊田町字戸部下河原2087番地","v3.7.1","UNRESOLVED_DO_NOT_ALLOCATE"
"68603","geoshape-nrct-poi:470000111500","八幡神社","鹿児島県 鹿児島市 本名町字瀬戸口3577番地","v3.8","UNRESOLVED_DO_NOT_ALLOCATE"
"68632","geoshape-nrct-poi:230000101100","熊野三社","愛知県 名古屋市 南区呼続二丁目6番33号","v3.7.1","UNRESOLVED_DO_NOT_ALLOCATE"
"68632","geoshape-nrct-poi:480000094100","嘉手納貝塚","沖縄県 中頭郡嘉手納町 字嘉手納","v3.8","UNRESOLVED_DO_NOT_ALLOCATE"
"68661","geoshape-nrct-poi:200000156400","瑠璃寺前遺跡","長野県 下伊那郡高森町 大島山","v3.8","UNRESOLVED_DO_NOT_ALLOCATE"
"68661","geoshape-nrct-poi:230000101200","山崎城跡","愛知県 名古屋市南区 呼続元町","v3.7.1","UNRESOLVED_DO_NOT_ALLOCATE"
"68690","geoshape-nrct-poi:220000256400","御前崎観音堂","静岡県 御前崎市 御前崎","v3.8","UNRESOLVED_DO_NOT_ALLOCATE"
"68690","geoshape-nrct-poi:230000101800","富部神社","愛知県 名古屋市 南区呼続四丁目13番38号","v3.7.1","UNRESOLVED_DO_NOT_ALLOCATE"
"68719","geoshape-nrct-poi:230000061400","西両替所跡","愛知県 名古屋市中区 丸の内三丁目","v3.8","UNRESOLVED_DO_NOT_ALLOCATE"
"68719","geoshape-nrct-poi:230000101900","長楽寺","愛知県 豊橋市 石巻本町字立石石巻本町18番地","v3.7.1","UNRESOLVED_DO_NOT_ALLOCATE"
"68748","geoshape-nrct-poi:230000102000","戸部城跡","愛知県 名古屋市南区 戸部町二丁目","v3.7.1","UNRESOLVED_DO_NOT_ALLOCATE"
"68748","geoshape-nrct-poi:240000108800","亀山城跡","三重県 亀山市 本丸町","v3.8","UNRESOLVED_DO_NOT_ALLOCATE"
"68777","geoshape-nrct-poi:230000102600","高牟神社","愛知県 名古屋市 守山区瀬古東一丁目630番地","v3.7.1","UNRESOLVED_DO_NOT_ALLOCATE"
"68777","geoshape-nrct-poi:250000106400","善隆寺","滋賀県 長浜市 西浅井町山門964番地","v3.8","UNRESOLVED_DO_NOT_ALLOCATE"
"68806","geoshape-nrct-poi:230000102700","石山寺","愛知県 名古屋市 守山区瀬古東一丁目543番地","v3.7.1","UNRESOLVED_DO_NOT_ALLOCATE"
"68806","geoshape-nrct-poi:260000078100","酒解神社","京都府 乙訓郡大山崎町 字大山崎大小字天王46番地","v3.8","UNRESOLVED_DO_NOT_ALLOCATE"
"68835","geoshape-nrct-poi:230000103100","川島神社","愛知県 名古屋市 守山区川村町281番地","v3.7.1","UNRESOLVED_DO_NOT_ALLOCATE"
"68835","geoshape-nrct-poi:270000096200","東福寺","15-778 Honmachi, Higashiyama-ku, Kyoto-shi, Kyoto-fu | 京都府 京都市 東山区本町十五丁目778番地","v3.8","UNRESOLVED_DO_NOT_ALLOCATE"
"68864","geoshape-nrct-poi:230000103200","長命寺","愛知県 名古屋市 守山区白沢町319番地","v3.7.1","UNRESOLVED_DO_NOT_ALLOCATE"
"68864","geoshape-nrct-poi:280000089200","野間中古墳群","大阪府 豊能郡能勢町 野間中","v3.8","UNRESOLVED_DO_NOT_ALLOCATE"
"68893","geoshape-nrct-poi:230000103400","宝勝寺","愛知県 名古屋市 守山区市場4番45号","v3.7.1","UNRESOLVED_DO_NOT_ALLOCATE"
"68893","geoshape-nrct-poi:290000109100","加茂遺跡","兵庫県 川西市 加茂一丁目","v3.8","UNRESOLVED_DO_NOT_ALLOCATE"
"68922","geoshape-nrct-poi:230000103500","守山城跡","愛知県 名古屋市守山区 市場","v3.7.1","UNRESOLVED_DO_NOT_ALLOCATE"
"68922","geoshape-nrct-poi:300000062000","屋敷山古墳","奈良県 葛城市 新庄","v3.8","UNRESOLVED_DO_NOT_ALLOCATE"
"68951","geoshape-nrct-poi:230000103700","大永寺","愛知県 名古屋市 守山区大永寺町208番地","v3.7.1","UNRESOLVED_DO_NOT_ALLOCATE"
"68951","geoshape-nrct-poi:310000049300","応其寺","和歌山県 橋本市 橋本二丁目3番4号","v3.8","UNRESOLVED_DO_NOT_ALLOCATE"
"68980","geoshape-nrct-poi:230000104000","牛牧遺跡","愛知県 名古屋市守山区 大字牛牧","v3.7.1","UNRESOLVED_DO_NOT_ALLOCATE"
"68980","geoshape-nrct-poi:320000111900","大口遺跡群","鳥取県 鳥取市 青谷町大坪","v3.8","UNRESOLVED_DO_NOT_ALLOCATE"
"69009","geoshape-nrct-poi:230000104200","池下古墳","愛知県 名古屋市守山区 小幡二丁目","v3.7.1","UNRESOLVED_DO_NOT_ALLOCATE"
"69009","geoshape-nrct-poi:330000087300","かわらけ谷横穴墓群","島根県 安来市 植田町","v3.8","UNRESOLVED_DO_NOT_ALLOCATE"
"69038","geoshape-nrct-poi:230000104300","小幡廃寺","愛知県 名古屋市守山区 西新","v3.7.1","UNRESOLVED_DO_NOT_ALLOCATE"
"69038","geoshape-nrct-poi:340000115200","福田神社","岡山県 倉敷市 北畝三丁目14番53号","v3.8","UNRESOLVED_DO_NOT_ALLOCATE"
"69067","geoshape-nrct-poi:230000104400","長慶寺","愛知県 名古屋市 守山区小幡中二丁目24番45号","v3.7.1","UNRESOLVED_DO_NOT_ALLOCATE"
"69067","geoshape-nrct-poi:350000063000","寺町廃寺跡","広島県 三次市 向江田町","v3.8","UNRESOLVED_DO_NOT_ALLOCATE"
"69096","geoshape-nrct-poi:230000104500","小幡城跡","愛知県 名古屋市守山区 西城二丁目","v3.7.1","UNRESOLVED_DO_NOT_ALLOCATE"
"69096","geoshape-nrct-poi:360000064600","岡原遺跡","山口県 光市 大字三井","v3.8","UNRESOLVED_DO_NOT_ALLOCATE"
"69125","geoshape-nrct-poi:230000104700","大森寺","愛知県 名古屋市 守山区弁天が丘809番地","v3.7.1","UNRESOLVED_DO_NOT_ALLOCATE"
"69125","geoshape-nrct-poi:370000071600","舞寺","徳島県 三好郡東みよし町 毛田1111番地","v3.8","UNRESOLVED_DO_NOT_ALLOCATE"
"69154","geoshape-nrct-poi:230000104800","八劔神社","愛知県 名古屋市 守山区大森二丁目1721番地","v3.7.1","UNRESOLVED_DO_NOT_ALLOCATE"
"69154","geoshape-nrct-poi:380000069500","大亀古墳群","香川県 高松市 西植田町","v3.8","UNRESOLVED_DO_NOT_ALLOCATE"
"69183","geoshape-nrct-poi:230000104900","法輪寺","愛知県 名古屋市 守山区大森三丁目2101番地","v3.7.1","UNRESOLVED_DO_NOT_ALLOCATE"
"69183","geoshape-nrct-poi:390000059400","長福寺","愛媛県 西条市 北条655番地","v3.8","UNRESOLVED_DO_NOT_ALLOCATE"
"69212","geoshape-nrct-poi:230000105100","松洞古墳群","愛知県 名古屋市守山区 吉根二丁目","v3.7.1","UNRESOLVED_DO_NOT_ALLOCATE"
"69212","geoshape-nrct-poi:400000058700","ヒビノキ遺跡","高知県 香美市 土佐山田町百石町二丁目","v3.8","UNRESOLVED_DO_NOT_ALLOCATE"
"69241","geoshape-nrct-poi:230000105200","竜泉寺","愛知県 一宮市 浅井町小日比野1679番地","v3.7.1","UNRESOLVED_DO_NOT_ALLOCATE"
"69241","geoshape-nrct-poi:410000136700","七夕池古墳","福岡県 糟屋郡志免町 田富三丁目","v3.8","UNRESOLVED_DO_NOT_ALLOCATE"
"69270","geoshape-nrct-poi:230000105700","大塚古墳","愛知県 名古屋市守山区 大字上志段味","v3.7.1","UNRESOLVED_DO_NOT_ALLOCATE"
"69270","geoshape-nrct-poi:420000084000","掘江神社","佐賀県 佐賀市 神野西二丁目2番10号","v3.8","UNRESOLVED_DO_NOT_ALLOCATE"
"69299","geoshape-nrct-poi:230000105800","白鳥塚古墳","愛知県 名古屋市守山区 大字上志段味","v3.7.1","UNRESOLVED_DO_NOT_ALLOCATE"
"69299","geoshape-nrct-poi:430000082300","鳥甲城跡","長崎県 大村市 中岳町","v3.8","UNRESOLVED_DO_NOT_ALLOCATE"
"69328","geoshape-nrct-poi:230000105900","勝手社","愛知県 名古屋市 守山区大字上志段味中屋敷1463番地","v3.7.1","UNRESOLVED_DO_NOT_ALLOCATE"
"69328","geoshape-nrct-poi:440000089700","楠ノ木遺跡","熊本県 菊池郡菊陽町 大字久保田","v3.8","UNRESOLVED_DO_NOT_ALLOCATE"
"69357","geoshape-nrct-poi:230000106000","久岑寺","愛知県 名古屋市 守山区大字上志段味道光325番地","v3.7.1","UNRESOLVED_DO_NOT_ALLOCATE"
"69357","geoshape-nrct-poi:450000119200","行者原古墳群","大分県 国東市 武蔵町糸原","v3.8","UNRESOLVED_DO_NOT_ALLOCATE"
"69386","geoshape-nrct-poi:230000106900","亀ヶ洞第一号窯","愛知県 名古屋市緑区 亀が洞二丁目","v3.7.1","UNRESOLVED_DO_NOT_ALLOCATE"
"69386","geoshape-nrct-poi:460000082100","船野遺跡","宮崎県 宮崎市 佐土原町西上那珂","v3.8","UNRESOLVED_DO_NOT_ALLOCATE"
"69415","geoshape-nrct-poi:230000107000","雷貝塚","愛知県 名古屋市緑区 鳴海町","v3.7.1","UNRESOLVED_DO_NOT_ALLOCATE"
"69415","geoshape-nrct-poi:470000111900","興全寺跡","鹿児島県 鹿屋市 寿四丁目","v3.8","UNRESOLVED_DO_NOT_ALLOCATE"
